"first_name","last_name"
"Katica","Katić"
"Kristina","Jurić"
"Srećko","Kovačević"
"Zorica","Zelenović"
"Josip","Gorički"
"Denis","Lončina"
"Dalibor","Subota"
"Ivan Zvonimir","Jambrišak"
"Matej","Stanišak"
"Antonio","Filipović"
"Jasna","Ivanušec"
"Ana","Brozović"
"Elena","Baćac"
"Antun","Lovik"
"Ivan","Sladić"
"Mirko","Katić"
"Mario","Ceronja"
"Vedran","Horvatić"
"Vice","Božina"
"Zdravko","Konjević"
"Dalibor","Vlaho"
"Nevija","Tireli"
"Vanja","Kaluđer"
"Lidija","Posavec"
"Marin","Ložnjak"
"Silvana","Piškorjanac"
"Sanela","Buntić"
"Maja","Bručić Zlački"
"Marko","Elezović"
"Matija","Malović"
"Dejan","Nagy"
"Mario","Perak"
"Tin","Prelec"
"Tomislav","Lauš"
"Dušan","Kljenak"
"Neven","Jakšić"
"Erna","Vučković"
"Tomislav","Lončarić"
"Nedeljko","Mihalić"
"Marijan","Škrabo"
"Jelena","Kujundžić"
"Martina","Pašalić"
"Smiljka","Drobnjak"
"Kristina","Bagarić"
"Zvonimir","Šacl"
"Roman","Žitnik"
"Sanja","Kržanić"
"Josip","Hođa"
"Maja","Hadaš"
"Ivan","Basar"
"Matias","Martinis"
"Davor","Igrec"
"Ivan","Mandac"
"Sanja","Bašić"
"Zvjezdana","Vrkić"
"Marijan","Džoić"
"Marina","Maljak"
"Adisa","Žinić"
"Ines","Prvonožac"
"Nikola","Videc"
"Antonija","Benčić"
"Danijela","Šabić"
"Ljubomir","Kovačević"
"Marija","Štimac"
"Danijela","Brkljačić"
"Mara","Matijašić"
"Ervin","Milinković"
"Hrvoje","Kunac"
"Neven","Friščić"
"Ivan","Bilandžić"
"Anita","Murić Marinković"
"Velimir","Šutalo"
"Silvija","Vuk"
"Tomislav","Lež"
"Dajana","Dević"
"Snježana","Čoboj"
"Mirjana","Kolarević"
"Marina","Marinčić Vićentić"
"Tomislav","Novosel"
"Siniša","Ivanović"
"Nikola","Karlović"
"Jasna","Jačmenica"
"Antonio","Bijelić"
"Tomislav","Kralj"
"Pavao","Parunov"
"Marina","Slijepčević"
"Mateja","Fras"
"Desanka","Kljajić"
"Dean","Belušić"
"Milan","Lončar"
"Grgur","Lutz"
"Arabella","Višković Grabrović"
"Božena","Vrgoč"
"Milenka","Pelić"
"Lana","Bahunek"
"Valentino","Petek"
"Goran","Maček"
"Tea","Bader"
"Damir","Kiš"
"Nataša","Miškatović"
"Petar","Grgić"
"Josip","Čović"
"Smiljana","Srnec"
"Željko","Adžijević"
"Tomislav","Daić"
"Antonio","Ivančić"
"Ivana","Kovač"
"Robert","Kolar"
"Mihael","Halavuk"
"Andrea","Funda"
"Romana","Svetlečić"
"Darko","Franjo"
"Paško","Ivančić"
"Nataša","Horvat"
"Nenad","Sabo"
"Zlatko","Stanišak"
"Boris","Halusek"
"Mihael","Jeleč"
"Enida","Mešanović"
"Ivan","Posavac"
"Ante","Torlak"
"Suzana","Đurašina"
"Tomislav","Pršir"
"Stjepan","Petrak"
"Lucija","Dumenčić"
"Tihomir","Buden"
"Kristijan","Radošević"
"Sandra","Parlov"
"Ivor","Antolović"
"Vesna","Andrić Župčić"
"Marija","Karković"
"Denis","Cickaji"
"Nikša","Stojić"
"Miro","Mihaljević"
"Sebastian","Šverko"
"Neven","Falica"
"Ljubica","Mikac"
"Bosiljka","Kovačević"
"Tvrtko Mislav","Idžanović"
"Domagoj","Kovačić"
"Miroslav","Županić"
"Dario","Sivić"
"Irena","Trkeš"
"Kristina","Leko"
"Saša","Perčić"
"Kristina","Khos"
"Vedran","Đukić"
"Thomas-Toma","Sirovec"
"Bruno","Vidović"
"Miroslav","Kovačić"
"Đanfranko","Šturbej"
"Maša","Hercog"
"Sanja","Kljajić"
"Branko","Matošić"
"Darko","Marić"
"Božica","Rukljić"
"Dijana","Bradić"
"Branka","Turk"
"Mateo","Vuletić"
"Iva","Knezović"
"Alen","Vratarić"
"Željko","Sinković"
"Ivana","Stolica"
"Romeo","Sršen"
"Blaženka","Kolar"
"Lidija","Lozančić"
"Mirko","Mikulandra"
"Lucija","Zdrilić"
"Maja","Gović"
"Karmela","Karadakić"
"Zoran","Prepelić"
"Dalibor","Giba"
"Domagoj","Špoljarec"
"Vedran","Avdić"
"Snježana","Stanišak"
"Davorko","Feil"
"Iva","Brandić"
"Paula","Topić"
"Jere","Perkov"
"Andreja","Livnjak Popović"
"Anđela","Šćepanović"
"Damir","Prikratki"
"Mirijam","Malunec"
"Željko","Jozić"
"Mario","Arklenić"
"Suzana","Rapić"
"Marijan","Kovač"
"Miroslav","Marlović"
"Zdenko","Kusec"
"Nino","Kovačić"
"Vojislav","Beader"
"Damir","Držanić"
"Matea","Marković"
"Jožef","Terheš"
"Mario","Jozić"
"Mladen","Kurija"
"Ivan","Lukežić"
"Ana","Crnković"
"Branimir-Leon","Krkić"
"Simone","Stankić"
"Damir","Draženović"
"Goran","Reljić"
"Tajana","Hercigonja"
"Nikolina","Ranogajec"
"Miroslav","Zadro"
"Jadranka","Fernežir"
"Ivica","Gagić"
"Alen","Matišić"
"Mario","Belanović"
"Darko","Stevanović"
"Martina","Malkić"
"Vesna","Kralj"
"Vlasta","Puškaš"
"Andrijana","Jurin"
"Dean","Lađarević"
"Marijana","Stanek"
"Tanja","Rogulj"
"Boris","Bogadi"
"Jelena","Gjurašin"
"Vinko","Božić"
"Damir","Hustić"
"Domagoj","Kovačić"
"Goran","Dučić"
"Jozo","Bilušić"
"Mario","Colić"
"Mario","Batarelo"
"Dejan","Jambrović"
"Marija","Jakelić"
"Ivica","Jelić"
"Robert","Pranjić"
"Tomislav","Tušinec"
"Marijana","Hodak"
"Jasna","Žerovnik"
"Lukas","Komerlin"
"Marko","Radetić"
"Igor","Marcikić"
"Ivica Dražen","Palčić"
"Ivica","Šeketa"
"Radmila","Sakal"
"Irena","Smoković"
"Edina","Mujčić"
"Saša","Stojanović"
"Marin","Dubovečak"
"Nikolina","Vargantolić"
"Dražen","Ivanušec"
"Kristina","Ćorić"
"Katarina","Brčić"
"Zvonko","Čelan"
"Igor","Majcenović"
"Branko","Kalik"
"Sandra","Bartolović"
"Sandra","Belančić"
"Nikša","Markov"
"Danijel","Savičić"
"Biserka","Delimar"
"Marijana","Babić"
"Matea","Pejanić"
"Darko","Radić"
"Irena","Keškić"
"Moreno","Žic"
"Mirela","Kovačić"
"Katarina","Musa"
"Julija","Sinovčić"
"Suzana","Brezan"
"Jasenko","Rakić"
"Nenad","Ćudić"
"Gordana","Rijetković"
"Rea","Kolšek"
"Ana","Rospacher"
"Dino","Svirčić"
"Slavko","Barišić"
"Marija","Kragić-Marinić"
"Hrvoje","Mešeg"
"Ana Marija","Kos"
"Željka","Franjo"
"Zdenko","Felja"
"Vladimir","Somek"
"Denis","Popović"
"Ivan","Babić"
"Zvijezdana","Čavka"
"Kristijan","Lacković"
"Kristina","Jelačić"
"Tomo","Lacković"
"Marijo","Zoričić"
"Edit","Arbanas"
"Martina","Matijević"
"Jerko","Čukušić"
"Igor","Mandić"
"Petar","Žunić"
"Natalija","Perši"
"Alfonz","Đurđević"
"Ivan","Orlović"
"Jasna","Pavlek"
"Rade","Popović"
"Robert","Kajzogaj"
"Željko","Kostelac"
"Darko","Peharda"
"Ivana","Merkaš"
"Zlatko","Zorić"
"Dubravka","Mihajlovski"
"Dubravka","Žeželj"
"Valentino","Šajnović"
"Dejana","Boczka"
"Martina","Solpa"
"Trpimir","Barnjak"
"Marinko","Posavec"
"Maja","Jurišić"
"Nermin","Mešanović"
"Nikša","Mendica"
"Ivana","Turudić"
"Tomislav","Grgurić"
"Danijela","Kraus"
"Anđelko","Silov"
"Helga","Kovačić"
"Radoslav","Bogojević"
"Stjepan","Rotim"
"Snježana","Kuzminski"
"Damir","Fiolić"
"Vera","Milivojević"
"Vesna","Štampar"
"Sanja","Tarabić"
"Bettina Nikolina","Dujmović"
"Anđelko","Svrta"
"Karolina","Šegović"
"Kristijan","Drožđek"
"Sandra","Šeketa"
"Milan","Nekić"
"Franjo","Varga"
"Davor","Tambolaš"
"Mario","Milković"
"Vesna","Golubić"
"Izabela","Iljkić"
"Ana","Konjević"
"Jela","Vidak"
"Maja","Skender"
"Jelica","Kalmar"
"Antonio","Barilar"
"Anica","Zečević"
"Bojan","Bonifačić"
"Gordana","Žerjav"
"Igor","Bukvić"
"Stjepan","Cirkvenčić"
"Gordana","Janton"
"Luka","Razmilović"
"Štefica","Godec"
"Dalibor","Galić"
"Suzana","Pušec"
"Domagoj","Molnar"
"Vesna","Bednjanec"
"Jure","Rotim"
"Tino","Bogdanović"
"Ivica","Stjepić"
"Danijel","Bandalo"
"Tomislav","Matić"
"Danijela","Ružić"
"Valentino","Budisavljević"
"Marijan","Kovačić"
"Sandro","Solić"
"Mirjana","Ščapec"
"Igor","Cvitanović"
"Božidar","Štimac"
"Ivo","Obreza"
"Martina","Pongrac"
"Mirko","Andrijić"
"Mladen","Komes"
"Ivan","Jureša"
"Suada","Lukaš"
"Anđelko","Srbotnjak"
"Željko","Lovrić"
"Josip","Bušić"
"Nada","Grgurin"
"Dejan","Šajnović"
"Anamarija","Radev"
"Mateja","Ormanec"
"Denis","Širić"
"Štefanija","Peroković"
"Mirjana","Alijagić"
"Mario","Bibić"
"Sadina","Softić"
"Jasmina","Duraković"
"Ivan","Kavaš"
"Mirjana","Žuvela"
"Mario","Miljan"
"Marica","Papa"
"Maja","Lokas"
"Linda","Ruić"
"Ivica","Borić"
"Marijeta","Miloslavić"
"Ozana","Mitar"
"Ante","Duspara"
"Goran","Labus"
"Tihomir","Valjak"
"Marinko","Valčić"
"Božidar","Havaić"
"Igor","Kučar"
"Dean","Ivšić"
"Jurica","Zajec"
"Božo","Čavka"
"Ružica","Galić"
"Suzana","Badanković"
"Hrvoje","Malčić"
"Goran","Šošić"
"Sonja","Blažević"
"Mario","Andrašić"
"Denis","Vlašković"
"Alen","Jerman"
"Grozdana","Dokmanović"
"Martina","Varošanec"
"Marko","Purgar"
"Slavko","Ivičić"
"Nataša","Cvetko"
"Davor","Puhača"
"Tomica","Krištofić"
"Josip","Romfeld"
"Evelina","Vukmanović"
"Dalibor","Jugović"
"Nensi","Brgić"
"Biljana","Kovačević Premužak"
"Laura","Špoljar"
"Biljana","Lukić"
"Ivan","Ljubej"
"Stipe","Katušić"
"Slaven","Kokorić"
"Zvjezdan","Đurđević"
"Marina","Sabolek"
"Biserka","Brulja"
"Marko","Jerkić"
"Željko","Živković"
"Svetlana","Kahlina"
"Vanja","Stanković"
"Mijo","Kordić"
"Jasna","Dejanović-Bastašić"
"Aleksandra","Rac"
"Jasmina","Svalina"
"Ante","Biondić"
"Jonatan","Sokač"
"Antonio","Vrček"
"Hrvoje","Ettinger"
"Ivan","Belovari"
"Vera","Maroshi"
"Josipa","Andrijanić"
"Katarina","Krznar"
"Alma","Mujadžić"
"Zlatko","Barić"
"Antonio","Bašković"
"Zoran","Grašić"
"Denis","Storić"
"Sofija","Badanković"
"Dragan","Knežević"
"Milan","Čorak"
"Mario","Dojder"
"Marija","Vukres"
"Dario","Hrdan"
"Pepo","Vranić"
"Eva","Kanić"
"Stiven","Ruvčeski"
"Nino","Vitković"
"Stana","Kovačević"
"Sandra","Karnik"
"Dijana","Fridl"
"Marija","Rodeš"
"Josip","Gajšak"
"Zvonimir","Vuković"
"Tomislav","Hrgarek"
"Dejan","Vekić"
"Marko","Sever"
"Slavko","Šantak"
"Biserka","Živko"
"Mile","Hodak"
"Katica","Verzon"
"Katica","Bjelka"
"Damir","Jurekić"
"Sanja","Kolar"
"Katarina","Lesičar"
"Marijana","Pujić"
"Manuela","Čulina"
"Margareta","Balog"
"Ante","Vukšić"
"Darko","Filipović"
"Alan","Prevendar"
"Veljko","Vidović"
"Dražen","Čiček"
"Zlata","Vidović"
"Siniša","Pupovac"
"Predrag","Mijatović"
"Mario","Brkić"
"Daniel","Fabijan"
"Olivera","Erdeli"
"Darija","Švob"
"Miroslav","Ulaković"
"Ines","Jerčinović"
"Nikolina","Čikulin"
"Ljubomir","Dujmović"
"Josip","Kujadin"
"Hrvoje","Dukarić"
"Željko","Vojvodić"
"Jasna","Derjanović"
"Ksenija","Rukelj"
"Marijan","Gagulić"
"Kristina","Rajković"
"Anica","Mulig"
"Berislav","Šimunić"
"Marijo","Vuk"
"Maja","Moler"
"Ivanko","Jelinčić"
"Antonio","Devčić"
"Goran","Gorić"
"Vlado","Miletić"
"Andrijana","Radas"
"Svetozar","Ličanin"
"Berislav","Jukić"
"Katarina","Brešić"
"Irena","Brandić"
"Nenad","Vuksan"
"Stanko","Skoko"
"Nataša","Horvat Dreta"
"Dejan","Kolar"
"Antonija","Perišić"
"Lucija","Landeka"
"Vlatka","Buj"
"Antonija","Katić"
"Antun","Janković"
"Miroslav","Damjanović"
"Mario","Butković"
"Denis","Pajić"
"Slađana","Ignac"
"Vedran","Lovrić"
"Denis","Vidak"
"Antonio","Mandir"
"Tomislav","Kolarić"
"Kristina","Presečki"
"Marijo","Razum"
"Daliborka","Kraljević"
"Martina","Pavičić"
"Igor","Mesaroš"
"Vera","Vukoša"
"Borislav","Lukić"
"Đurđa","Čikulin"
"Melita","Poslon"
"Stjepan","Galinec"
"Ivanka","Gerić"
"Mato","Kurtušić"
"Stjepan","Kahlina"
"Dominko","Perkušić"
"Mario","Stanešić"
"Davor","Setnik"
"Damir","Rakek"
"Sanda","Čamber"
"Predrag","Žganec"
"Mirjana","Stojak"
"Mladen","Birka"
"Mario","Kolarek"
"Ivica","Petek"
"Ante","Taslak"
"Vanja","Milković"
"Mario","Pahor"
"Nikolina","Milčić"
"Biljana","Valentin-Ban"
"Miodrag","Hamović"
"Tomislav","Gmajnički"
"Nives","Tušak"
"Marko","Čalušić"
"Ivan","Marinčić"
"Antonio","Čitarović"
"Antonija","Alić"
"Andrej","Šantić"
"Josip","Milčić"
"Hrvoje","Kulazo"
"Snježana","Marković"
"Jure","Stanić"
"Ivan","Kelemin"
"Danijel","Šaško"
"Petra","Sabok"
"Antonio","Pantalon"
"Ljubinka","Perković"
"Marija","Imširović"
"Ivana","Božić"
"Antonio","Adžaga"
"Višnja","Barbarić"
"Igor","Kiš"
"Dubravko","Kovačić"
"Marina","Horvat"
"Josip","Gestić"
"Bruno","Petrović"
"Milena","Kralj"
"Neven","Šuster"
"Stipe","Džoić"
"Matija","Vlainić"
"Marija","Sušić"
"Alen","Ovad"
"Antonio","Lukač"
"Ljubica","Kukec"
"Zoran","Matekalo"
"Željka","Nimac"
"Mirela","Matotek"
"Rosanda","Štajduhar"
"Zrinka","Pintar-Kerovec"
"Marta","Talan"
"Mirjana","Brgić"
"Marina","Sertić"
"Neven","Večerić"
"Mihael","Šikoronja"
"Zoran","Kajišić"
"Darko","Markušić"
"Bernard","Kasić"
"Dražen","Kustura"
"Marko","Penić"
"Hrvoje","Zelenić"
"Gverino","Brgić"
"Josip","Novak"
"Dražen","Bubanj"
"Mario","Kelebuh"
"Krešimir","Gavran"
"Filip","Subotić"
"Petra","Đurkas"
"Blaženka","Krizman"
"Bruno","Kaurinović"
"Ljubo","Babaja"
"Mario","Stanić"
"Slađan","Jakus"
"Alen","Zirdum"
"Kalman","Tot"
"Vehid","Torlaković"
"Gordana","Peroković"
"Nikolina","Babić"
"Rade","Joka"
"Mirna","Čelar"
"Igor","Bujas"
"Maja","Kos"
"Marijana","Boras"
"Jelena","Šušnjara"
"Ljubica","Cesar"
"Ivan","Batarelo"
"Zrinka","Pušić"
"Tibor","Bocka"
"Dalibor","Uroić-Varga"
"Nikolina","Martinjak"
"Anisa","Đonlić"
"Dragutin","Malačić"
"Petra","Gašparović"
"Ante","Nakić"
"Ana","Račan"
"Danijela","Kralj"
"Goran","Ključarić"
"Petra","Ratkajec"
"Slobodan","Sailović"
"Ines","Perica"
"Ivan","Jurić"
"Katarina","Doboš"
"Marko","Mikolić"
"Barbara","Držaić"
"Srećka","Antunac"
"Mario","Petani"
"Jedinko","Akrap"
"Matej","Golemović"
"Željko","Tolić"
"Marijana","Stipanović"
"Željko","Čović"
"Eldvin","Budimir"
"Manuela","Blažun"
"Pero","Dželalija"
"Silvija","Samaržija"
"Tina","Došen"
"Elvis","Lehkec"
"Josipa","Petrović"
"Milica","Runko"
"Ivan","Filipaj"
"Mira","Bušljeta"
"Ivana","Mijatović"
"Ante Antonio","Vranješ"
"Marijo","Livaja"
"Samir","Barakovac"
"Marica","Jukić"
"Olgica","Čelec"
"Zorica","Mladinić"
"Darko","Kljajić"
"Damir","Andrijanić"
"Ivan","Hustić"
"Goran","Perković"
"Slavko","Pasarić"
"Igor","Juran"
"Igor","Nemeth"
"Antonija","Stipetić"
"Marinela","Biočić-Todorović"
"Ivan","Katić"
"Dario","Josipović"
"Igor","Humplik"
"Lidija","Augustinović"
"Lidija","Fuček-Preradović"
"Emerik","Ložnjak"
"Andrea","Đaković"
"Martina","Barbić"
"Marija","Dugački"
"Petar","Krizman"
"Đurđa","Martinjak"
"Andreas","Vlahović"
"Vlado","Mikec"
"Antun","Alagić"
"Erik","Grebović"
"Željka","Kovačević"
"Ana","Pavlović"
"Rosanda","Anđelić"
"Senka","Klarić"
"Darko","Petric"
"Marija","Tihić"
"Mihael","Karlović"
"Nada","Oršoš"
"Ana","Baričević"
"Dubravka","Miškić"
"Milan","Barilar"
"Kristina","Kavaš"
"Emica","Gelenčir"
"Ivančica","Beljak"
"Marijan","Horvatić"
"Snea","Novak"
"Ivana","Miletić"
"Marijo","Pavlović"
"Gordana","Kiš"
"Ivana","Jukić"
"Zoran","Stanisavljević"
"Kristina","Škreblin"
"Tomislav","Papić"
"Jasminka","Lukica"
"Krešimir","Bešker"
"Vice","Grabovac"
"Vesna","Korač"
"Eugenio","Fočić"
"Josip","Vincek"
"Silva","Dugandžić"
"Slađana","Tandara"
"Bruno","Milčić"
"Martin","Malijurek"
"Luka","Lukić"
"Tomislav","Uzbašić"
"Dijana","Kolobarić"
"Marijan","Lukić"
"Luka","Martinjak"
"Marija","Daić"
"Tomislav","Galić"
"Srećko","Jurin"
"Tomislav","Frankić"
"Marijan","Kuna"
"Snježana","Perić"
"Mladen","Đaković"
"Christian","Miljković"
"Vanja","Đurakić"
"Mato","Matanović"
"Ivica","Narančić"
"Tajana","Denkmajer"
"Ivan","Plavotić"
"Tino","Mrša"
"Daliborka","Bogdanović"
"Danijela","Bunčić"
"Nenad","Novosel"
"Alen","Rašić"
"Mario","Puškarić"
"Mirjana","Virovec"
"Danijela","Krampek"
"Mario","Cirkvenčić"
"Siniša","Martinčević"
"Davor","Budek"
"Željka","Vojvodić"
"Dijana","Pozaić"
"Marko","Iveković"
"Emilijo","Jablan"
"Ljubica","Škoro"
"Sanda","Delač"
"Hrvoje","Pađen"
"Renato","Hriberski"
"Ivana","Sertić"
"Anto","Parić"
"Marina","Golub"
"Petar","Čuljak"
"Zdenko","Karaga"
"Gordana","Hustić"
"Margareta","Cvetkovski"
"Tomislav","Hudika"
"Tajana","Gregec"
"Dejan","Štefanek"
"Tatjana","Marijan"
"Tanja","Evačić"
"Franjo","Hleb"
"Anamarija","Blagus"
"Goran","Jasika"
"Gordana","Tepeš Popović"
"Vesna","Vranić"
"Saša","Mihaljenović"
"Franjo","Sabo"
"Katica","Kantolić"
"Markus","Bošnjaković"
"Ivica","Junaković"
"Slobodan","Cvetičanin"
"Vesna","Mihaljković"
"Darije","Derviš"
"Mirko","Jelačić"
"Ines","Baždarić"
"Božica","Slunjski"
"Goran","Janković"
"Jure","Lemezina"
"Dubravko","Jug"
"Ivica","Vodopija"
"Smilja","Krstić Vlajnić"
"Mladen","Tokić"
"Branko","Jerković"
"Josip","Golubić"
"Kristijan","Babić"
"Gordana","Jelačić"
"Marko","Posavac"
"Tamara","Štih"
"Đurđica","Ščirek"
"Mato","Ćurić"
"Marijan","Garašić"
"Simona","Markov"
"Terezija","Vučković"
"Davor","Kligl"
"Karolina","Smrečki"
"Željka","Pavlović"
"Benjamin","Bubić"
"Petar","Perić"
"Neven","Jakelić"
"Daliborka","Šejić"
"Ines","Fiorentini"
"Miroslav","Marković"
"Ivan","Orsag"
"Safet","Mešić"
"Mirjana","Sinković"
"Luka","Perović"
"Zoran","Krznar"
"Dejan","Radojčić"
"Zvonko","Ivanjko"
"Vesna","Kenjereš"
"Tomislav","Raguž"
"Predrag","Čudina"
"Kornelija","Lušić"
"Adnan","Gafić"
"Branko","Tešija"
"Nikola","Krulj"
"Damir","Šimunović"
"Petar","Filipović"
"Nevia","Župan"
"Nikolina","Meaški"
"Dean","Maružin"
"Atila","Špiljar"
"Darko","Đuran"
"Edvin","Špada"
"Mira","Gregorina"
"Ivana","Mehić Mustač"
"Olga","Bursać"
"Hrvoje","Žuljević"
"Mario","Čavlek"
"Vedrana","Jozić"
"Marlena","Rogić"
"Jelena","Pavlović"
"Gordana","Petračić Ferić"
"Damir","Perši"
"Branislav","Antonić"
"Tamara","Bregović"
"Mirela","Mihoci"
"Siniša","Mikolić"
"Igor","Polanec"
"Željko","Diković"
"Lidija","Lenart"
"Jadranko","Papa Terzić"
"Zoran","Mlinarić"
"Mario","Botica"
"Kristijan","Pavlović"
"Marina","Ljubić"
"David","Juroš"
"Saša","Dianežević"
"Igor","Štampar"
"Vladimir","Hrlić"
"Renata","Pokos"
"Snježana Lucija","Mraz"
"Marica Mary","Kovačević"
"Ričard","Matura"
"Marko","Leutar"
"Greta","Pavić"
"Marko","Kukec"
"Ivan","Atlija"
"Sanja","Bevanda"
"Mario","Trnačić"
"Mateja","Žuti"
"Zlatko","Kuzman"
"Štefica","Delač"
"Ivan","Jukić"
"Marko","Jošić"
"Zdravko","Zagoršćak"
"Dalibor","Paštar"
"Toni","Gudac"
"Siniša","Žižek"
"Stjepan","Sabljarić"
"Mario","Anđal"
"Nikolina","Glištra"
"Ivan","Grgurinović"
"Dora","Malnar"
"Neno","Jakopec"
"Rajko","Dobošić"
"Marijana","Mrzljak"
"Bashkim","Dobruna"
"Miroslav","Levar"
"Častislav","Tolj"
"Šeherzada","Ređepi"
"Zlatko","Lukman"
"Anita","Mišković"
"Ivana","Dekalić"
"Željko","Barić"
"Ivana","Ralić"
"Marijan","Vasić"
"Ivana","Turković"
"Darko","Hanaftaler"
"Marina","Popovački"
"Robert","Podnar"
"Tin","Sivec"
"Dominko","Stojak"
"Goran","Kraljević"
"Daniela","Pavošević"
"Ivana","Uložnik"
"Zvonko","Vuković"
"Kristina","Nastav"
"Damir","Mujnović"
"Kata","Martinović"
"Sedina","Šturbej"
"Bruno","Belančić"
"Mirjana","Smoljić"
"Ana","Ćurković"
"Bruno","Bago"
"Aleksandar","Hađina"
"Luka","Damjanić"
"Ivica","Hodak"
"Tugomir","Žibrat"
"Željan","Alduk"
"Tomaš","Trnjanov"
"Ivan","Šojat"
"Goran","Živković"
"Damir","Dominković"
"Bruno","Jakelić"
"Igor","Dukarić"
"Josip","Novosel"
"Karlo","Vuksan"
"Zvonimir","Vuković"
"Mira","Gizdić"
"Ivan","Hojsak"
"Gordan","Horvatić"
"Dario","Car"
"Manuela","Novoselić"
"Ivan","Ujević"
"Valentina","Mašić"
"Ljiljana","Dukarić"
"Ilija","Jelić"
"Tomislav","Husak"
"Lorena","Šalković"
"Marko","Kunc"
"Miroslav","Konjsky"
"Igor","Rogina"
"Josip","Pavlović"
"Ivan","Horg"
"Neven","Piližota"
"Miroslav","Borković"
"Loris","Celija"
"Igor","Samardžija"
"Milo","Debeuc"
"Mirela","Posavec"
"Željko","Šegetin"
"Silvestar","Mikša"
"Ivan","Pavličević"
"Jana","Malbaša"
"Dejan","Jovanović"
"Božica","Dinčir"
"Željka","Wendler"
"Tatjana","Vasilevski"
"Darko","Pravica"
"Adnan","Anlar"
"Dario","Lihtenvalner"
"Krešimir","Bačić"
"Darko","Jumić"
"Tomislav","Barišić"
"Anton","Štor"
"Mirela","Jukić"
"Ana","Govedić"
"Branimir","Vrdoljak"
"Antun","Obadić"
"Jasminka","Krog"
"Jasenko","Čavkić"
"Vesna","Nađ"
"Sabina","Pavlinić"
"Andrijana","Glavak"
"Sergej","Roth"
"Marinka","Pintarić"
"Ivan","Adamović"
"Ljiljana","Ivanović"
"Marko","Bulić"
"Ivona","Galić"
"Alma","Buljan"
"Vladimir","Treger"
"Snježana","Saveljić"
"Ksenija","Borović"
"Mario","Pavić"
"Senka","Pavković"
"Mihaela","Mišić Novković"
"Goran","Andrilović"
"Boris","Vukas"
"Ana","Pečić"
"Luka","Jurišić"
"Igor","Škvorc"
"Tatjana","Zelenčić"
"Adrijana","Kešćec"
"Anita","Kralj"
"Iva","Botica"
"Natalija","Bantić"
"Darko","Pintarić"
"Ivana","Mravlinčić"
"Branko","Jarnević"
"Josip","Zdešić"
"Vesna","Musa"
"Kornelija","Žutelija"
"Ivo","Klisović"
"Ivana","Brozović"
"Ksenija","Gelenčir"
"Višnja","Žunić"
"Hrvoje","Mavrović"
"Vedran","Vesenjak"
"Vesna","Dević Poldan"
"Matija","Masnec"
"Azra","Handanagić"
"Tomislav","Dorić"
"Rosa","Hećimović"
"Meri","Stančin"
"Bernarda","Murgić"
"Zoran","Žukina"
"Dario","Ležaić"
"Dubravka","Katić"
"Dario","Drežnjak"
"Snježana","Nujić"
"Tatijana","Šeparović"
"Ilija","Đivić"
"Jasminka","Mikić"
"Brankica","Baković"
"Ana","Bokor"
"Branka","Leš"
"Kristian","Markoč"
"Dinko","Fraisman"
"Tomislav","Tenžera"
"Sandra","Radaković"
"Siniša","Kanisek"
"Sandra","Nikolić"
"Marijan","Koturić"
"Tin","Vladić"
"Dana","Barać"
"Marijana","Plahutar"
"Sanja","Kirin"
"Roman","Dodigović"
"Petra","Rajnović"
"Krešimir","Matić"
"Nevenka","Petak"
"Marijan","Zlački"
"Dubravka","Pervan"
"Krunoslav","Jakopčević"
"Želimir","Čabraja"
"Melani","Nemešković"
"Vilma","Vlačić"
"Tomislav","Špalj"
"Renata","Šapić"
"Alen","Mozer"
"Marko","Medić"
"Maja","Kranjec"
"Darko","Radaković"
"Ante","Žunić"
"Katica","Medić"
"Miranda","Gržinić"
"Helena","Soltić"
"Daria","Bizacky"
"Tomislav","Duga"
"Vanja","Šverko"
"Trpimir","Gajčević"
"Branko","Jakopić"
"Ivan","Matešić"
"Stjepan","Pajeska"
"Vjekoslav","Nikolić"
"Ivan","Turek"
"Goran","Golubić"
"Vanja","Primorac"
"Antonia","Medić"
"Predrag","Smoljanović"
"Panina","Ivani"
"Daniel","Esterajher"
"Ivana","Petras"
"Željan","Šarić"
"Darko","Skender"
"Kata","Trusić"
"Ivana","Kasalo"
"Miroslav","Pleš"
"Nermina","Sarajlić"
"Boris","Poljanac"
"Vladimir","Šijan"
"Jurica","Marušić"
"Endi","Špada"
"Silvio","Horvat"
"Ivan","Jozić"
"Sabina","Belc"
"Željka","Bičanić"
"Branko","Šimrak"
"Anita","Milanović-Litre"
"Enisa","Belovari"
"Iva","Regula"
"Karin","Napica"
"Bojan","Jerkić"
"Mihaela","Horvatović"
"Marina","Erceg"
"Ivana","Kobal"
"Dubravka","Milčić"
"Robert","Krizmanić"
"Goran","Paradžik"
"Predrag","Uzelac"
"Zlatko","Sabolić"
"Žaneta","Perkec"
"Slavica","Trivić"
"Igor","Palfi"
"Gordana","Brgles"
"Nataša","Malčec"
"Tatjana","Rogošić"
"Luana","Mišan"
"Marija","Jurković"
"Ivana","Bajzek"
"Andjelka","Gavran"
"Stipo","Mađar"
"Sanjino","Kutnjak"
"Antonio","Barlek"
"Jasmin","Muftić"
"Biljana","Sabol Torbica"
"Slavko","Boršić"
"Ljiljana","Pavleković"
"Dario","Mohorić"
"Lidija","Božo"
"Siniša","Šarić"
"Alen","Franov"
"Predrag","Tešanović"
"Stjepan","Valić"
"Nataša","Tuđan"
"Nikola","Šorić"
"Jadranka","Ljubojević"
"Ana","Vučković"
"Branka","Halvo"
"Neven","Kolinger"
"Goran","Zahirović"
"Hana","Kovač"
"Zlatko","Pernar"
"Ivana","Matić"
"Anita","Galić Švraka"
"Josip","Jurković"
"Alen","Šokota"
"Igor","Ljubojević"
"Petar","Vraneković"
"Ružica","Popović"
"Bojan","Terzić"
"Željko","Boršić"
"Ljubica","Zdelar"
"Josip","Bašić"
"Marijan","Kopčinović"
"Suzana","Vučković"
"Ivan","Mišetić"
"Stipo","Šitum"
"Borivoj","Varžić"
"Josip","Oršoš"
"Nikolina","Prkić"
"Dejan","Ilić"
"Velimir","Klarić"
"Spomenka","Mišić"
"Emanuel","Vnučec"
"Divna","Jovanovac"
"Gordan","Jovanovac"
"Kristina","Pešelj"
"Goran","Štajduhar"
"Ivana","Nemec"
"Manuel","Bratičić"
"Tomislav","Hrvat"
"Ivan","Ban"
"Marica","Stipetić"
"Ivica","Orlić"
"Dijana","Kumiša"
"Luka","Petrić"
"Melisa","Mujagić"
"Ivica","Drljo"
"Ivana","Terzić"
"Krešo","Milić"
"Dubravka","Bogović"
"Tina","Munivrana"
"Marijana","Vrančić"
"Đuro","Mihalić"
"Danijel","Furjan"
"Ana","Šimec"
"Anel","Džolić"
"Tomislav","Vukić"
"Slavica","Mihalić"
"Marina","Košutar"
"Aleksandra","Sokač"
"Helena","Kovačić"
"Andrea","Brajković"
"Aneta","Bulović"
"Ivan","Šenjug"
"Ivana","Petričević"
"Damir","Marković"
"Boris","Lenđel"
"Danijel","Rendulić"
"Ivanka","Barišić"
"Ivana","Mišain"
"Marina","Celan"
"Emil","Sertić"
"Svjetlana","Gorša"
"Danijela","Orlović"
"Majda","Pleša"
"Nedeljko","Horvat"
"Darko","Mošmondor"
"Anto","Milanović"
"Andrijana","Medved"
"Domagoj","Takač"
"Marijo","Bulat"
"Ines","Nadinić"
"Sandra","Runtas Ivkovčić"
"Kristina","Rukavina"
"Barbara","Jezerinac"
"Verica","Debelja"
"Josip","Mokricki"
"Ivan","Martić"
"Milan","Srdić"
"Goran","Sirovec"
"Leo","Martinec"
"Mario","Horvat"
"Marina","Boka-Lovrić"
"Maurizio","Toneti"
"Irena","Rožić"
"Andrej","Klarić"
"Dragan","Šalinović"
"Tomislav","Maligec"
"Damir","Tonković"
"Dubravko","Brodar"
"Marko","Lukić"
"Renato","Baranek"
"Marko","Bačurin"
"Krešimir","Salajec"
"Zorko","Kovačević"
"Ivan","Jukić"
"Monika","Macan"
"Krunoslav","Košić"
"Tvrtko","Križić"
"Tomislav","Macan"
"Danijela","Reškovac"
"Marko","Čović"
"Robert","Katavić"
"Emil","Rebernik"
"Anton","Borovečki"
"Norina","Čordašić"
"Ivana","Krištofić"
"Igor","Kandić"
"Gordana","Trtica"
"Branka","Bohm"
"Vjekoslav","Mikić"
"Tomislav","Belina"
"Zdravko","Cestar"
"Vlado","Rehlicki"
"Danijel","Vukas"
"Višnja","Galović"
"Leonard","Gugić"
"Milan","Holiček"
"Nataša","Subota"
"Josip","Zebec"
"Anton","Arko"
"Sara","Livaić"
"Željko","Štetić"
"Slavica","Bobić"
"Marijan","Babić"
"Jelica","Banović"
"Željko","Ivanović"
"Marina","Krznarić"
"Dario","Matoničkin"
"Biserka","Fijan"
"Ranko","Morović"
"Sanja","Novak"
"Ivona","Župančić"
"Dalibor","Popović"
"Mario","Varžić"
"Goran","Babić"
"Josipa","Marcikić"
"Vlado","Antončić"
"Franjo","Horvat"
"Željko","Keleuva"
"Snježana","Kralj"
"Petra","Podgorelec"
"Dragica","Đanić"
"Grozdana","Frančula"
"Blaženka","Gabelica"
"Josip","Kurtušić"
"Zlatko","Trupec"
"Snježana","Bujanović"
"Gjurgjica","Umićević"
"Nada","Galić"
"Ivana","Burazer"
"Ivan","Pavić"
"Dražen","Mitev"
"Jasminka","Bilić"
"Tea","Kaštelan"
"Dolores","Novak"
"Mihaela","Kraljek"
"Slavko","Horvat"
"Sanja","Pejić"
"Aleksandar","Masten"
"Zoran","Peršić"
"Irena","Kljunić"
"Ivica","Burazer"
"Marina","Radečić"
"Helena","Radić"
"Marija","Pataki"
"Sorita","Zemunović"
"Barbara","Oremuš"
"Mario","Zatezalo"
"Ivan","Ilić"
"Mario","Blažin"
"Robert","Kontrec"
"Slađana","Vidović"
"Olgierd","Kamienski"
"Marin","Martan"
"Marijan","Ježutković"
"Jasna","Petrović-Vehabović"
"Vlado","Filipović"
"Suzana","Lucić Štifanić"
"Mirjana","Žbogar"
"Ivanka","Horvat"
"Marijana","Novak"
"Goran","Jurišković"
"Marina","Dobran"
"Domagoj","Malčić"
"Jadranka","Vidak"
"Zora Marija","Malčić"
"Božidar","Anđelić"
"Danijela","Lazić"
"Slavica","Jurak"
"Marijan","Hadrović"
"Dejan","Hobolja"
"Slaven","Kolar"
"Jasna","Vidović"
"Ljiljana","Stošić"
"Stevo","Remenarić"
"Stjepan","Žunec"
"Diana","Tokić"
"Željko","Pešić"
"Emir","Silahić"
"Dean","Rabar"
"Mario","Grdur"
"Hrvoje","Živanić"
"Romana","Brajko"
"Snježana","Horvat"
"Mihovil","Mavrić"
"Zlatan","Kovačić"
"Anamaria","Sorić"
"Stanko","Sorić"
"Alenka","Pajas"
"Katica","Kučić"
"Nikolina","Filipović"
"Ivana","Rahija"
"Željka","Bošnjak"
"Danijel","Sinković"
"Milenko","Bilić"
"Goran","Čehić"
"Svjetlana","Trupec"
"Tihomir","Bjelka"
"Ivana","Pavić Jakšić"
"Andjelko","Latin"
"Tomislav","Hocenski"
"Štefanija","Latin"
"Zvonimir","Pejić"
"Sanja","Čepčar"
"Kata","Isić"
"Danijel","Horvat"
"Kristina","Rakinić"
"Vlado","Celan"
"Dinko","Car"
"Martina","Fot"
"Ivanka","Orešković"
"Petra","Mirčić"
"Željko","Dolenec"
"Emica","Šibalić"
"Marinko","Šibalić"
"Snježana","Živković"
"Stjepan","Vrbanac"
"Dražen","Puškaš"
"Marina","Dundić"
"Đurđa","Brzović"
"Dijana","Dam Filipović"
"Blaženka","Brodar"
"Mihaela","Iharoši"
"Kristijan","Rašin"
"Ane-Marie","Radomilović"
"Željko","Kodba"
"Marko","Jovanović"
"Igor","Čančar"
"Sandra","Marinović"
"Tatjana","Cesar"
"Jasna","Berislavić"
"Monika","Smolić"
"Marija","Hren"
"Hrvatin","Deriš"
"Iva","Kostanjčar"
"Sanda","Jurišić"
"Ivica","Marinović"
"Tatjana","Rožić"
"Marinela","Marinović"
"Adrijana","Sila"
"Loredana","Selci"
"Aleksandar","Petranović"
"Darko","Balog"
"Katarina","Ignac"
"Ognjen","Solomun"
"Željko","Glavić"
"Branko","Kapić"
"Ivica","Živković"
"Vesna","Kučinac"
"Vlastimir","Štruglin"
"Sandra","Rukavina"
"Marija","Pasarić"
"Mario","Lozić"
"Boris","Šipoš"
"Ante","Vidak"
"Tomislav","Ćavar"
"Dinka","Jakšić"
"Marija","Đordić"
"Kristijan","Zadravec"
"Zoran","Vidović"
"Sanja","Plantak"
"Mira","Čavar"
"Tihana","Mašinović"
"Ivan","Alešković"
"Gordana","Vuk"
"Zdravko","Laklija"
"Ivica","Pajas"
"Snježana","Kutnjak"
"Tomislav","Žuvela"
"Vesna","Radočaj"
"Dubravka","Smrekar"
"Marija","Pentek"
"Robert","Krstanović"
"Damir","Ilić"
"Daniela","Maravić"
"Boris","Stojak"
"Stjepan","Straka"
"Alen","Farkaš"
"Goran","Kranželić"
"Stjepan","Bokun"
"Kristijan","Sošić"
"Zvonko","Ivandić"
"Boris","Kekez"
"Sanja","Ivandić"
"Josipa","Oletić"
"Robert","Voća"
"Marko","Ugrina"
"Dubravka","Pšeničnik"
"Jadranka","Sekula"
"Ladislav","Miliša"
"Nikola","Poldrugač"
"Sanjin","Drandić"
"Marija","Spitzer"
"Robert","Spitzer"
"Ivica","Gugec"
"Anto","Djak"
"Smiljan","Darojković"
"Božidar","Strahija"
"Mirela","Mihaljinec"
"Branka","Očko"
"Žaklina","Medica"
"Ivan","Ivić"
"Sanela","Budimlić"
"Bojan","Tufekčić"
"Antun","Poje"
"Ivana","Lonjak Dam"
"Dubravko","Jurina"
"Domagoj","Gajčević"
"Martina","Matanović"
"Tomica","Zadravec"
"Andrej","Pleš"
"Zvonko","Oletić"
"Mario","Matijašić"
"Martina","Perhoč"
"Marko","Barišić"
"Mario","Butorac"
"Robert","Šerbec"
"Marija","Šerbec"
"Julijana","Rebić"
"Štefanija","Petrač"
"Miro","Kolmanić"
"Mara","Matuzović"
"Dragica","Gošek"
"Đurđica","Šarić"
"Suzana","Miliša"
"Mario","Matin"
"Mladen","Kunac"
"Ivan","Ikač"
"Gordan","Sternad"
"Zoran","Hanževački"
"Vesna","Petreković"
"Mario","Cug"
"Branko","Miknić"
"Ana Marija","Dedić"
"Vlatko","Lacković"
"Jelena","Đuranec"
"Sanja","Lešina"
"Marcela","Voljavec"
"Alen","Vrdoljak"
"Ivica","Vrkić"
"Marko","Kondić"
"Anica","Poldrugač"
"Martina","Buden"
"Dubravka","Hrlić"
"Zrinka","Ferina"
"Dragica","Lukačević"
"Ljiljana","Fabijanić"
"Luka","Mamić"
"Suzana","Skrbin"
"Davorka","Ćulav"
"Lela","Anočić"
"Ljiljana","Radmanić"
"Zoran","Jurčević"
"Judita","Kasunić"
"Marija","Peter"
"Goran","Lovreković"
"Marijana","Bilješković"
"Željko","Žagar"
"Karolina","Sajko"
"Renato","Bednjanec"
"Dominka","Balog"
"Tomislav","Tršan"
"Sabina","Dukanović"
"Zdravko","Kunac"
"Aleksandar","Ružić"
"Ivan","Ivančić"
"Darko","Šnajder"
"Marija","Plavša"
"Mario","Vučković"
"Pavao","Legac"
"Nikola","Petrović"
"Kristina","Gašpar"
"Željka","Valjak"
"Ante","Ivanišević"
"Ingrid","Mitić"
"Ivana","Petrović"
"Kristina","Šoković"
"Lidija","Janušić"
"Dražen","Martinić"
"Ivan","Tomić"
"Krešimir","Pirija"
"Danijel","Pilić"
"Mario","Pažulinec"
"Dragutin","Jurina"
"Dajana","Ratkajec Lacković"
"Violeta","Arbanas"
"Ana","Crnko"
"Lukica","Prusac"
"Anita","Cvrlje"
"Dijana","Šefer"
"Antonio","Galić"
"Marina","Balić-Jelušić"
"Anđelko","Vrhovac"
"Vladimir","Čusa"
"Ivančica","Horvatić"
"Ivan","Milčić"
"Filip","Gombović"
"Dejan","Koren"
"Tomislav","Brozović"
"Mario","Gradinac"
"Ana","Topolčić"
"Nenad","Pirc"
"Adriana","Jakopović"
"Anita","Rendulić"
"Zdenko","Gromilović"
"Andrija","Stiplošek"
"Nada","Crnec"
"Martin","Gorupić"
"Tihomir","Vidaček"
"Stanko","Martinković"
"Ivan","Jurčević"
"Marko","Roginić"
"Tomislav","Antonini"
"Igor","Stanić"
"Mario","Crnec"
"Fabijan","Sobol"
"Tomislav","Bošković"
"Željka","Zatezalo"
"Zrinka","Židak"
"Mira","Lefelman"
"Robert","Frlež"
"Gverino","Bolić"
"Slavko","Ninčević"
"Maja","Grgec"
"Damir","Židak"
"Ruža","Rizvanović"
"Milan","Poldrugač"
"Melita","Rizvanović"
"Davor","Posilović"
"Branko","Furundžija"
"Monika","Adrić"
"Miroslav","Laljek"
"Goran","Habrka"
"Sanjin","Štiglić"
"Martina","Mihovilić"
"Danijel","Lunga"
"Jadran","Bonačić"
"Zorica","Vudrag"
"Ivo","Tokalić"
"Dejan","Šestak"
"Mirjana","Korpar"
"Snježana","Gudelj"
"Robert","Kirin"
"Jelena","Urošević"
"Mario","Huljak"
"Fjolvar Darri","Rafnsson"
"Josip","Rukljić"
"Aleksandar","Jožef"
"Renata","Demirov"
"Marijan","Kojić"
"Katica","Knežević"
"Franjo","Barunčić"
"Lana","Talijan"
"Slaven","Staniševski"
"Anđelka","Škrtić"
"Jasmina","Ratnik"
"Ivo","Pranjić"
"Daniel","Malnar-Skvrce"
"Zrinoslav","Kiter"
"Siniša","Govorko"
"Marija","Kordić"
"Daria","Zekanović"
"Dario","Eršek"
"Mario","Ljubaj"
"Željko Stefan","Špoljar"
"Mihaela","Mikanović"
"Marina","Huljak"
"Marko","Borić"
"Drago","Mitić"
"Ines","Maravić"
"Danijela","Majdandžić"
"Goran","Dunger"
"Otilija","Crljen"
"Ivan","Kursan"
"Jelica","Levak"
"Vesnica","Furdi"
"Danijel","Luketina"
"Sanja","Marjančević"
"Tomislav","Tadić"
"Vesna","Vlahek"
"Mladen","Bukal"
"Stjepan","Sučić"
"Marija","Košar"
"Anita","Dušak"
"Dario","Jadreškić"
"Boris","Šiljac"
"Jadranka","Vorih"
"Davorin","Šele"
"Čedomir","Grgurić"
"Iva","Kapetanović Ferizović"
"Srećko","Ferizović"
"Nada","Štos"
"Davorin","Kralj"
"Paola","Kranjčević"
"Tatjana","Topalović"
"Ana","Nikolić"
"Damir","Bivol"
"Maja","Petvajdić"
"Renato","Pečarić"
"Snježana","Škrlac"
"Mirjana","Leskovar"
"Kristina","Poduška"
"Kristian","Zoričić"
"Željko","Kovačević"
"Katarina","Dumbović"
"Manda","Badenić"
"Antonio","Kordić"
"Martina","Čivrag"
"Zvjezdana","Ivančić"
"Anita","Hrabrov Petrić"
"Anđelka","Žižanović"
"Mirela","Biškup"
"Nada","Bašić"
"Damir","Bednjanić"
"Irena","Ružić"
"Boris","Šimičević"
"Ivana","Varga"
"Matej","Blažek"
"Kristijan","Stanešić"
"Roman","Tomljenović"
"Marko","Arambašić"
"Perica","Živković"
"Ivana","Marijanović"
"Kristina","Fureš"
"Đuro","Štefančić"
"Goran","Šipoš"
"Karol","Sabo"
"Siniša","Vampovac"
"Ana","Vampovac"
"Erika","Maravić"
"Andraš","Trkulja"
"Jelena","Ognjenović"
"Darko","Venglaž"
"Ivan","Horvat"
"Sendi","Mustač"
"Hrvoje","Peić"
"Toni","Videkić"
"Maja","Horvat"
"Aldo","Miše"
"Denis","Letica"
"Branko","Jandrić"
"Nataša","Kasunić"
"Marija","Čičak"
"Igor","Pavlić"
"Josip","Stopić"
"Boris","Morožin"
"Antonio","Vučković"
"Milorad","Marcelić"
"Marica","Marcelić"
"Ivan","Medved"
"Nikola","Tučkar"
"Berislav","Erpačić"
"Kristina","Mauser"
"Gordana","Sklepić"
"Kristina","Matotek"
"Renato","Stojanović"
"Nataša","Torlak"
"Branka","Petrović"
"Elvira","Rožmarić"
"Sven","Grgić"
"Irena","Belec"
"Tamara","Zagorščak"
"Dalibor","Popić"
"Ingrid","Radočaj"
"Renato","Babić"
"Danijel","Vrbanec"
"Mirjana","Zadravec"
"Danijel","Vale"
"Viktor","Pandurović"
"Pero","Bekavac"
"Marinko","Križanić"
"Siniša","Malić"
"Nataša","Brnčić"
"Ivan","Maslaj"
"Višnja","Selimović"
"Dunja","Kolić"
"Dominik","Miholjčević"
"Margita","Flego"
"Ivana","Žnidarić"
"Tea","Jurinčić"
"Daniela","Svečnjak"
"Kristina","Miketić"
"Damir","Vujčić"
"Ivana","Košjar"
"Krešimir","Vještica"
"Željko","Kereš"
"Tomislav","Jakić"
"Vladan","Dobrovolny"
"Željko","Rosić"
"Mario","Vrbovčan"
"Ivica","Kristić"
"Ferida","Majstorović"
"Vesna","Kalaminec"
"Tomislav","Alpeza"
"Denis","Leoni"
"Silvija","Smiljanec"
"Igor","Jelčić"
"Mili","Brković"
"Duje","Grubišić"
"Velimir","Gass"
"Sanja","Vučetić"
"Zvonko","Škrtić"
"Nikola","Peko"
"Jelena","Živković"
"Đuro","Šadek"
"Dragan","Budić"
"Matea","Jagodanović"
"Mia","Polimac"
"Zlatan","Gusić"
"Katica","Pirak"
"Ines","Vuleša"
"Helena","Mioč"
"Darko","Labuhar"
"Zlatko","Kačarik"
"Milivoj","Hajdarović"
"Željko","Sanković"
"Marko","Slavečki"
"Mile","Jurjević"
"Dražen","Mudri"
"Magdalena","Čemeljić"
"Mirko","Prijatelj"
"Ajdin","Omanović"
"Alexandra","Stanečić"
"Mira","Rosić"
"Igor","Rugle"
"Ivica","Draženović"
"Mario","Radeljić"
"Marina","Parun"
"Nenad","Badurina"
"Branko","Prijatelj"
"Robert","Kerić"
"Goran","Ležaić"
"Ivana","Vuksan"
"Magdalena","Kukavica"
"Josip","Zorić"
"Ivan","Janković"
"Igor","Garić"
"Božica","Vizinger"
"Neven","Bartulović"
"Ljubica","Horvat"
"Goran","Čabaj"
"Dalibor","Vladić"
"Marina","Grgurovac"
"Hasiba","Viali"
"Zoran","Rončević"
"Marica","Majdandjić"
"Ivana","Bilucaglia"
"Maja Helena","Stulić"
"Ana","Žunić"
"Jadranko","Vlah"
"Dušan","Habijan"
"Elizabeta","Marinov"
"Leonardo","Ereiz"
"Željko","Grubješić"
"Renato","Milišić"
"Aleksandra","Nikšić"
"Željko","Parun"
"Igor","Bartolić"
"Dražen","Jungić"
"Josip","Šumanović"
"Ante","Tomić"
"Ivana","Horvat Gelić"
"Darko","Jerković"
"Filip","Kljaić"
"Stjepan","Čadoić"
"Petar","Babić"
"Janko","Belošević"
"Zdenka","Dujić"
"Ivo","Ivšac"
"Danijela","Kosić"
"Darko","Kolar"
"Renata","Morović"
"Darko","Pavetić"
"Adriana","Kelher"
"Ivana","Drača"
"Anđela","Kinda"
"Ivica","Baran"
"Sanja","Kruljić"
"Dario","Benac"
"Damir","Mustić"
"Irena","Pandur"
"Mirko","Borjan"
"Dejan","Vuković"
"Alojz","Buzjak"
"Vinko","Mušterić"
"Mario","Mamić"
"Sanja","Mulato"
"Alen","Pirc"
"Sretenko","Buntić"
"Stevanija","Marić"
"Sandra","Humplik"
"Andrina","Konc"
"Dragana","Jakus"
"Mario","Markuš"
"Mateja","Kučinić"
"Jasna","Antonić"
"Josip","Vorgić"
"Jurica","Vrbanić"
"Anamarija","Aljinović"
"Ivica","Bijelić"
"Dražen","Pejnović"
"Tatjana","Vunarić"
"Jadranka","Marušić"
"Monja","Miholjčević"
"Mario","Ulaković"
"Sarafinica","Bijelić"
"Dragica","Đuričić"
"Tomislav","Peter"
"Igor","Gorta"
"Nada","Reljić"
"Jasmina","Željezić"
"Dragan","Bešker"
"Davor","Rupenović"
"Ivana","Mlinarić"
"Slavica","Debelić"
"Vesna","Špoljarić"
"Dražen","Pavlović"
"Krešimir","Udatny"
"Ivan","Pavičić"
"Dino","Kliman"
"Franjo","Ivišić"
"Koraljka","Baričević"
"Dorijana","Miholić"
"Mario","Smontara"
"Dragica","Arežina"
"Marin","Skočić"
"Vesna","Šaško"
"Vladimir","Filipčić"
"Dragutin","Čehulić"
"Josip","Ćurak"
"Matija","Poturica"
"Marina","Kunčić"
"Anđelka","Merunka"
"Mihaela","Kočet"
"Irena","Gerovac"
"Danijela","Brežnjak"
"Mladen","Dam"
"Jurica","Štefanac"
"Katarina","Piskor"
"Goran","Vuković"
"Ivana","Adžaga"
"Kristijan","Glavan"
"Ivan","Blažeković"
"Tijana","Tufek"
"Miroslav","Neral"
"Klaudija","Neral"
"Dušan","Simić"
"Kristijan","Nikolić"
"Silvio","Kralj"
"Dubravka","Bach Korica"
"Darko","Mohenski"
"Ivica","Fajer"
"Marija","Jurišić"
"Mirela","Budimlić"
"Nura","Godu"
"Valentina","Pintarić"
"Tina","Hrustić"
"Jadranka","Renić"
"Igor","Cindrić"
"Marina","Lasić"
"Denis","Gašparović"
"Zoran","Saveljić"
"Manuela","Lončarić"
"Denis","Tkalčec"
"Josip","Janković"
"Siniša","Čubrić"
"Šefika","Škraban"
"Josip","Jurkezi"
"Iva","Kaniški"
"Damir","Hadić"
"Darko","Korpar"
"Svetlana","Zvonar"
"Božidar","Mrzljak"
"Ana","Hanižar"
"Josip","Levar"
"Tonko","Nenadić"
"Anđelko","Cerčić"
"Zoran","Rupčić"
"Dejan","Orsag"
"Milan","Milharčić"
"Jasminka","Car"
"Ivica","Kurtanjek"
"Goran","Marinčić"
"Goran","Dokmanović"
"Krunoslav","Niemčić"
"Sarafina","Grgić"
"Tomislav","Vujić"
"Ana","Obrovac"
"Snježana","Arlov"
"Klaudija","Mužjak"
"Sandra","Peraković"
"Karel","Salaba"
"Paška","Ritoša"
"Suzana","Holiček"
"Anja","Pirić"
"Vesna","Hoić"
"Jadranka","Jozić"
"Mirjana","Mamić"
"Gordana","Penezić"
"Bojana","Kopajtić"
"Lidija","Vrbanić"
"Zlatko","Gošek"
"Marijo","Kulić"
"Sena","Čečura"
"Ankica","Lovčić"
"Damir","Paleščak"
"Ivana","Idžojtić"
"Ivan","Idžojtić"
"Mirica","Rustambeg"
"Blaženka","Šarić"
"Željka","Stojanović"
"Marina","Knežević"
"Tomislav","Dujmić"
"Paolo","Ende"
"Matija","Zadravec"
"Martina","Klasić"
"Milivoj","Cokarić"
"Ivana","Bolešić"
"Zvonimir","Brković"
"Suzana","Carić"
"Sanja","Goja"
"Adis","Šabić"
"Marijana","Pavlović"
"Slađan","Jorgić"
"Anita","Pranjić"
"Zdravko","Sinković"
"Gabrijel","Lešić"
"Jelče","Miknić"
"Vid","Balenović"
"Ana","Brbot Balenović"
"Dejan","Kanić"
"Ljiljana","Šagi"
"Zvonimir","Ivković"
"Marko","Bošatlija"
"Josip","Belan"
"Marija","Kostanić"
"Siniša","Prša"
"Marija","Miljković"
"Amir","Alihodžić"
"Ivana","Pospišil"
"Nevena","Bačić"
"Milanka","Brodarac"
"Katica","Đurđević"
"Dražen","Nikolić"
"Tomislav","Kordić"
"Mišel","Tepša"
"Ištvan","Međeši"
"Danijel","Selimović"
"Ksenija","Čorić"
"Joško","Grljušić"
"Marija","Kunac"
"Dragan","Šarić"
"Saša","Švajgović"
"Tamara","Risek"
"Srećo","Kuran"
"Ivanka","Berger"
"Andrijana","Teslić"
"Štefica","Hercigonja"
"Rudolf","Treska"
"Darko","Conar"
"Snježana","Đunđenac"
"Dina","Kovač"
"Dubravka","Grebenar"
"Vedran","Magdić"
"Orjeta","Jović"
"Igor","Jurišić"
"Maja","Fejzić"
"Dubravko","Novak"
"Damir","Levak"
"Alan","Bratković"
"Antun","Smolčić"
"Maja","Prgomet"
"Emilija","Seidl"
"Antonio","Cvitkušić"
"Mirjana","Frančić Marković"
"Mirela","Zdionica"
"Nikolina","Horvat"
"Katica","Varga"
"Brankica","Valjak"
"Sanjin","Majstorović"
"Mario","Horvat"
"Ivana","Kozina"
"Jelena","Bižić"
"Stevo","Djaković"
"Ankica","Karačić"
"Martina","Gosarić"
"Ranka","Gašparlin"
"Ozren","Tušetić"
"Lidija","Lončarek"
"Križan","Petričević"
"Đurđica","Jakopčević"
"Jozo","Gogić"
"Perica","Volarević"
"Goran","Jelača"
"Šejla","Golemović"
"Mario","Marušić"
"Matilda","Buljan"
"Helena","Krmpotić"
"Alen","Pulić"
"Robert","Jeleč"
"Domagoj","Banožić"
"Robert","Baus"
"Mladen","Krajinović"
"Igor","Petrović"
"Damir","Ivančić"
"Mirela","Vrkić"
"Emil","Ljutak"
"Petar","Perak"
"Predrag","Gogić"
"Tomislav","Subotić"
"Robert","Lončarek"
"Dijana","Kerepčić"
"Ljubica","Borovac"
"Jadranka","Matijević"
"Karlo","Šinik"
"Nenad","Čović"
"Jasmina","Čadoić"
"Gordana","Lončarić"
"Sandra","Pavić Bogičević"
"Mauricio","Mišković"
"Andrea","Vladić"
"Tomislav","Talić"
"Ivica","Klarić"
"Stanislav","Delić"
"Josip","Vorih"
"Snježana","Mrkoci"
"Ruža","Pervan"
"Tamara","Ubiparipović"
"Goran","Brletić"
"Katarina","Milunić"
"Snježana","Kostić"
"Sanja","Bosak Vukalović"
"Darko","Butka"
"Vlatko","Borilović"
"Marija","Pauk"
"Josip","Budimir"
"Stipe","Družijanić"
"Bojana","Krznarić"
"Lana","Rožić"
"Dragan","Bartulović"
"Stipo","Bumbić"
"Lidija","Jurman"
"Berislav","Jurman"
"Dubravka","Horvat"
"Branko","Kocijan"
"Ivan","Komorčec"
"Ivana","Miličević"
"Marko","Rak"
"Hrvoje","Simunić"
"Ivan","Merle"
"Branka","Blažinčić"
"Manike","Ivani"
"Sanja","Samardžić"
"Lidija","Pelesk"
"Dalibor","Clot"
"Dalibor","Cilar"
"Željko","Lesičar"
"Izabela","Nadudvari"
"Marija","Paušić"
"Tomislav","Sladić"
"Boris","Levatić"
"Miran","Županec"
"Selma","Iljadica"
"Željka","Brežnjak"
"Renata","Tušek"
"Vjekoslav","Milovuković"
"Zaviša","Šiprak"
"Jasna","Szabo"
"Kosta","Rus"
"Kristina","Marijanović"
"Roberta","Uremović"
"Mario","Borovčak"
"Ivana","Naranđa"
"Ivana","Uđbinac"
"Maja","Ozimec"
"Danijela","Petričević"
"Josip","Tadić"
"Tomislav","Šimunić"
"Marija","Klasiček"
"Martina","Knezek"
"Ankica","Oreč"
"Azenda","Sedić"
"Siniša","Krbavac"
"Tihana","Turković"
"Boris","Žalac"
"Jasmina","Čizmić"
"Davor","Mioč"
"Darko","Puškadija"
"Anita","Šantić"
"Andreja","Mališ"
"Vesna","Vučićević"
"Marijana","Jozić"
"Saša","Varga"
"David","Pofuk"
"Željko","Jutić"
"Duška","Aćimović"
"Zdravko","Krznarić"
"Neven","Kovač"
"Željko","Fresl"
"Goran","Marković"
"Dejan","Znahor"
"Tatjana","Dmitrović"
"Dubravko","Čiček"
"Dubravka","Bašić"
"Mario","Jakuš-Mejarec"
"Silvija","Tišljar"
"Sanela","Srdarević"
"Josip","Varoščić"
"Marija","Golomboš"
"Tomislav","Borovec"
"Danijela","Jakopanec"
"Mirna","Vidaković"
"Gordana","Čika"
"Zlatko","Ketović"
"Renata","Bračun"
"Ines","Bošatlija"
"Marko","Pšihistal"
"Marija","Cvitanović"
"Igor","Macan"
"Sanja","Androić"
"Sarita","Zulian Deprato"
"Tomislav","Dudović"
"Zvonko","Šantić"
"Doris","Kordić"
"Saša","Žerjav"
"Nataša","Štivić"
"Hrvoje","Marinčić"
"Željka","Vranić"
"Krunoslav","Klobučar"
"Đurđica","Petrin-Meglaj"
"Mato","Golubović"
"Mario","Brekalo"
"Vinko","Kragić-Marinić"
"Željko","Malčić"
"Josipa","Tešija"
"Ines","Bošnjak"
"Suzana","Tonković"
"Luči","Botica"
"Jelena","Vajda"
"Luka","Šurina"
"Krešimir","Spajić"
"Mihaela","Mužek"
"Zoran","Basa"
"Slađana","Gudelj"
"Boro","Mateljak"
"Romana","Bencetić"
"Mirjana","Gajski"
"Dražen","Smetiško"
"Marijan","Špoljarić"
"Marina","Maratović"
"Sanja","Smetiško Gašparić"
"Ivana","Bistričić"
"Zdravko","Čolić"
"Bojana","Tomljanović"
"Alen","Apfentaller"
"Antun","Vladisavljević"
"Hrvoje","Turk"
"Robert","Ninčević"
"Agica","Ferić"
"Mirjana","Harjač"
"Martina","Prenkaj"
"Marin","Matijašić"
"Dubravka","Zotović"
"Krešimir","Jakupec"
"Andrej","Hudjik"
"Tajana","Vuković"
"Ivica","Krnjak"
"Dejan","Marić"
"Nikolina","Ivorek"
"Sandro","Keranović Petrinšak"
"Marko","Vuković"
"Željka","Kedmenec"
"Marija","Franić"
"Ivan","Turudić"
"Zoran","Horvat"
"Slavko","Brežni"
"Davor","Šokić"
"Stjepan","Požgaj"
"Zoran","Požgaj"
"Maja","Mihaljević"
"Miroslav","Tokić"
"Ana","Levanić"
"Jadranka","Knežević"
"Spomenka","Čurik Lazarević"
"Marina","Strašek"
"Željko","Petrović"
"Igor","Kantolić"
"Manda","Kamenjašević"
"Anuška","Vukmanović"
"Davor","Jurić"
"Mandica","Dominković"
"Nery","Kuzmanić Leljak"
"Bernard","Cvjetko"
"Ivan","Kovačić"
"Adrijana","Kantolić"
"Natalija","Habulan"
"Irena","Belec"
"Dražen","Lisec"
"Vilim","Bažon"
"Marina","Lipnjak"
"Elvis","Žunić"
"Katarina","Kozarić"
"Bosiljka","Nikolić-Malora"
"Stipe","Marušić"
"Ivica","Jurčević"
"Sanela","Leban"
"Zlatko","Bednjanec"
"Zoran","Murić"
"Vlaho","Pasković"
"Josip","Marinclin"
"Melita","Prelac"
"Damir","Trčak"
"Marino","Čandrlić"
"Ksenija","Đokić"
"Tomislav","Repinac"
"Zvonimir","Babić"
"Zvonko","Madunić"
"Petar","Erega"
"Damir","Kovačić"
"Nikola","Magić"
"Nataša","Miličević"
"Dario","Magić"
"Mario","Kelemenić"
"Maja","Horvat"
"Kruno","Nemeček"
"Krešimir","Ćosić"
"Vesna","Cišper"
"Mirela","Skelin"
"Matea","Šeketa"
"Andrea","Pejković Rabi"
"Zvonimir","Boras"
"Ivana","Picek"
"Željko","Veseli"
"Lara","Rezo"
"Marlena","Dugonjić"
"Hrvoje","Oremuš"
"Ankica","Cigrovski"
"Damir","Sablić"
"Mila","Jukić"
"Silvana","Lalić"
"Denis","Bajrami"
"Dejan","Bibić"
"Josip","Jozić"
"Smiljana","Forgić"
"Sanjica","Ričko"
"Andreja","Medur"
"Jozo","Šošić"
"Tomislav","Buković"
"Igor","Fijan"
"Mario","Bukić"
"Klaudio","Gržinić"
"Petar","Barić"
"Mirko","Kelava"
"Marijo","Kralj"
"Predrag","Cimerman"
"Marija","Panić"
"Ina","Gorjanac"
"Frane","Jurković"
"Rikard","Fijan"
"Igor","Kralj"
"Mario","Živčić"
"Andrea","Repić"
"Đorđe","Mrkalj"
"Marko","Trifunac"
"Ivančica","Roksa"
"Anton","Dugonjić"
"Jasna","Galić Draščić"
"Robert","Boczka"
"Ljerka","Marijan"
"Raoul","Paučić"
"Olivija","Šarić"
"Franjo","Šokac"
"Damir","Repić"
"Daniel","Brajković"
"Irena","Mičetić"
"Adrijana","Martinović"
"Nikica","Pavičić"
"Krunoslav","Herceg"
"Natalia","Grašić"
"Ivona","Zorić"
"Stjepan","Dumbović"
"Dalibor","Jelenić"
"Dragana","Umiljenović"
"Velimir","Jelić"
"Saša","Kovač"
"Božo","Budimir"
"Sanja","Terzić"
"Robert","Vukalović"
"Dražen","Bažinski"
"Srećko","Stanković"
"Vladislav","Chvala"
"Carmen","Mošmondor"
"Miroslav","Kresl-Petričević"
"Senada","Simunić"
"Zvonko","Škaron"
"Jadranka","Klarić"
"Martina","Lolić"
"Krešimir","Prević"
"Nedeljko","Škutin"
"Jadranka","Antunac"
"Mario","Miletić"
"Nikoleta","Letunić"
"Sašo","Kehayov"
"Miroslav","Čehulić"
"Marina","Kontrec"
"Ivan","Krstičević"
"Ljilja","Janjić"
"Martina","Kramarić"
"Štefica","Bistrički"
"Vlatko","Kljujić"
"Milan","Šoda"
"Goran","Kaselj"
"Ljubica","Bistrički"
"Tomica","Svetec"
"Goran","Viduka"
"Marko","Crnković"
"Matija","Kućina"
"Nedjeljko","Voloder"
"Zoran","Petrović"
"Joško","Ljubić"
"Renato","Horvatinec"
"Nikolina","Žižek"
"Ivan","Babić"
"Ilija","Rafaj"
"Veronika","Mošmondor"
"Tamara","Kljunić"
"Katica","Čikvar"
"Snježana","Šepić"
"Sabina","Miholić"
"Domagoj","Stojanović"
"Belinda","Perković"
"Ivica","Vranješ"
"Krunoslav","Stojšić"
"Amalija","Stary"
"Aleksandra","Bratičić"
"Zorica","Gežić"
"Renato","Moharić"
"Damir","Grgić"
"Ante","Šimunov"
"Denis","Feliks"
"Anto","Ešegović"
"Danijel","Blatančić"
"Lucija","Dražić"
"Dario","Stančir"
"Željana","Drobnjak"
"Marin","Đorđević"
"Željko","Kordić"
"Vesna","Đorđević"
"Slavko","Lučić"
"Monika","Hrupek"
"Monika","Majsan"
"Ivan","Blažević"
"Mila","Rajčić"
"Denis","Tuta"
"Sanja","Boras"
"Sanja","Bilić"
"Maja","Stipčević"
"Tea","Borak"
"Marko","Ivić"
"Kristijan","Gajšak"
"Hadži","Sokoli"
"Danijel","Majpruz"
"Igor","Plovanić"
"Tanja","Pleskalt"
"Martina","Božić"
"Andreas","Panežić"
"Vinko","Rilje"
"Maja","Jović"
"Lara","Fonović"
"Ivan","Magušić"
"Velimir","Habrun"
"Kristina","Erdelja"
"Željko","Bihar"
"Dren","Dobrenić"
"Maja","Srdoč"
"Ana","Hodak"
"Kornelija","Domitrović"
"Ivana","Sičenica"
"Kristina","Kovačević"
"Željka","Drame"
"Milan","Premužić"
"Tihomir","Cipčić"
"Damir","Benaković"
"Marin","Glavaš"
"Boris","Baldassi"
"Igor","Brolich"
"Dražen","Habek"
"Dubravko","Horvat"
"Vedran","Bjelić"
"Antun","Prugovečki"
"Ivan","Gušćić"
"Bruno","Bede"
"Krešo","Špoljar"
"Saša","Margetić"
"Igor","Vasiljević"
"Ivica","Šumiga"
"Ratko","Škala"
"Ivana","Jerbić"
"Đorđe","Nikolić"
"Miroslav","Pavlović"
"Verica","Kolovrat"
"Josip","Pleša"
"Dražen","Barilar"
"Vesna","Stipić"
"Želimir","Bogić"
"Ivan","Kolak"
"Samuel","Palaić"
"Karlo","Pilko"
"Marko","Šimić"
"Mario","Kralj"
"Tomislav","Andrić"
"Jozo","Perić"
"Mario","Krasnik"
"Marinko","Bandalo"
"Ivica","Taraš"
"Davor","Anušić"
"David","Kutleša"
"Marina","Bilogrević"
"Ana","Šum"
"Sanja","Buterin"
"Ivana","Vrček"
"Enes","Šahinović"
"Ivica","Justament"
"Mirko","Jarić"
"Rok","Rošić"
"Josip","Krnjajić"
"Rene","Travica"
"Ronald","Uvalić"
"Ivan","Zovko"
"Ante","Delić"
"Gabrijel","Tuzlak"
"Vladimir","Trifunac"
"Mirjana","Lekić"
"Marinko","Pušonjić"
"Dragana","Grahovac"
"Branimira","Glavica"
"Melita","Novoselović"
"Zvonko","Galić"
"Dario","Sorgent"
"Elvir","Pehlić"
"Josip","Tomičić"
"Manuela","Ogar-Mraović"
"Antonio","Maras"
"Mirela","Jelić"
"Marijana","Puček"
"Dražen","Vinković"
"Daniel","Pensa"
"Katica","Samardžić"
"Snežana","Huskić"
"Tomislav","Prančević"
"Kristian","Kolesarić"
"Antonio","Palčec"
"Renato","Rajh"
"Maja","Kolesarić"
"Srećko","Dundović"
"Aljoša","Ladašić"
"Claudio","Tamburin"
"Ružica","Čičak"
"Miroslav","Strugar"
"Zlatko","Marinčić"
"Ivan","Lešina"
"Vlaho","Vujnović"
"Zlatko","Pavličić"
"Marin","Šarić"
"Vedran","Cavrić"
"Larisa","Šarić"
"Željko","Krkač"
"Kristina","Čataj"
"Martina","Krešić"
"Miroslava","Odobašić"
"Zlatko","Prugovečki"
"Luciana","Žeravica"
"Ivana","Gabrilo"
"Dalibor","Vidaković"
"Damir","Đukić"
"Mihaela","Antulov"
"Antun","Jakab"
"Ivana","Rodin"
"Jelena","Zaluški"
"Dario","Zaluški"
"Danijel","Galić"
"Ranko","Zolić"
"Ivica","Brlić"
"Kristina","Tihava"
"Danijel","Gudac"
"Marija","Salamun"
"Nedeljko","Umičević"
"Marija","Kaleb"
"Tina","Šeparović"
"Evelin","Sarač"
"Veronika","Pačarić"
"Robert","Lasić"
"Dragutin","Petrić"
"Sanja","Petrić"
"Ivana","Nikšić"
"Marijan","Mihoković"
"Marko","Otovčević"
"Antonella","Armano Sabo"
"Mario","Vrtarić"
"Mato","Pavić"
"Darko","Štefanac"
"Dejan","Vuković"
"Josip","Župančić"
"Ana","Tomičić"
"Milka","Panežić"
"Hrvoje","Vukov"
"Nusreta","Kuprešanin-Planjanin"
"Davor","Jelušić"
"Damir","Lončar"
"Andrea","Janković"
"Silvija","Obradović"
"Tihomir","Bešenić"
"Dražen","Milanović"
"Saša","Koški"
"Adriana","Ranogajec"
"Renata","Škovran"
"Senada","Šabani"
"Marijan","Romanik"
"Marica","Tomić"
"Dragan","Kršćo"
"Milan","Stojko"
"Marko","Fletko"
"Petra","Hršak"
"Josip","Marković"
"Sonja","Pavković"
"Dino","Horvat"
"Ivana","Sajko"
"Sanja","Marenčić"
"Mario","Đurin"
"Ana Mari","Čagalj"
"Ivica","Dražić"
"Mario","Kardum"
"Romana","Mihelić"
"Domagoj","Raguž"
"Jasna","Pacas"
"Marijan","Orešković"
"Tea","Toromanović"
"Svetlana","Asentić"
"Nikolina","Ljubović"
"Dominik","Črlenec"
"Mihael","Tomašić"
"Marina","Mikulić"
"Lana","Bojčić"
"Denis","Kušec"
"Josip","Bašić"
"Sanja","Vrbanić"
"Mladen","Grden"
"Sunčana","Alunović"
"Franjo","Biskupović"
"Ivan","Bilić"
"Domagoj","Ljiljak"
"Davor","Čamagajevac"
"Božena","Norac-Kevo"
"Stanko","Čačinović"
"Mario","Huzjak"
"Valentino","Kosmač"
"Robert","Geršić"
"Zoran","Mesaroš"
"Mario","Matušin"
"Slaven","Rizvan"
"Sandro","Stabile"
"Ivana","Marković"
"Mario","Lamza"
"Marko","Smoković"
"Goran","Vuković"
"Željko","Vidaković"
"Irena","Jašek Skrbiš"
"Armin","Rimaj"
"Josip","Miškuljić"
"Stefanija","Gajdek"
"Zoran","Benić"
"Mladen","Črnjar"
"Vladimir","Talić"
"Jelena","Tomić Tavić"
"Ivan","Vitić"
"Igor","Blažević"
"Filip","Oslaković"
"Romana","Gutenberger"
"Ana","Bukač"
"Siniša","Keleminec"
"Slađana","Štimac"
"Julija","Barišić"
"Igor","Vincetić"
"Tomislav","Hlebić"
"Robert","Sekanić"
"Marko","Reljić"
"Siniša","Papak"
"Ivana","Zember"
"Snježana","Črnjar"
"Stjepan","Kos"
"Darko","Vlajić"
"Dijana","Krejaković"
"Nedeljka","Štalmajer"
"Tatjana","Rusek"
"Petra","Barić"
"Marijan","Kovačić"
"Draga","Ohnjec"
"Jadranka","Medved"
"Ivana","Abramović"
"Kata","Mađarić"
"Željka","Holjevac"
"Dejan","Stanić"
"Ines","Borković"
"Goran","Marjanović"
"Kristian","Babić"
"Nada","Gajski"
"Ljiljana","Kovačić"
"Dražen","Šapina"
"Suzana","Mikuljan"
"Anto","Čivić"
"Jelka","Brajković"
"Mario","Martinović"
"Gordana","Mesec"
"Alen","Burzić"
"Dražen","Tičić"
"Amir","Sulejmanagić"
"Nino","Vilardi"
"Dragan","Lozančić-Bogarušić"
"Damir","Franjić"
"Ružica","Klarić"
"Tomislav","Balen"
"Kristijan","Pavlović"
"Miroslav","Kopričanec"
"Zdravko","Đumbrek"
"Gehat","Jurišić"
"Ivica","Valentić"
"Aleksandar","Miljković"
"Sanja","Puškarić"
"Darko","Martić"
"Ingeborg","Kireta"
"Slađan","Marić"
"Boro","Danilović"
"Đurđica","Lovrečić"
"Mario","Gluhaković"
"Željko","Biličić"
"Sandro","Perić"
"Eugen","Burić"
"Dražen","Marević"
"Boris","Homovec"
"Oliver","Bažant"
"Marko","Jagušt"
"Sara","Supanc"
"Vjekoslav","Božić"
"Darko","Čataj"
"Sanela","Petrinić"
"Nikola","Rusek"
"Marija","Opačak"
"Davor","Grgas"
"Petra","Lukšić"
"Anka","Šimunov"
"Ivica","Stjepančević"
"Zoran","Lenard"
"Katarina","Ilić"
"Ksenija","Pavlović"
"Anita","Grgurinović"
"Ivica","Palić"
"Fabijan","Bulakaj"
"Ivana","Šakić"
"Ranko","Jovanovski"
"Tadej","Jovandić"
"Suzana","Veljković"
"Boris","Škreblin"
"Vlatka","Zorić"
"Snježana","Škreblin"
"Manuel","Novoselić"
"Ivica","Đumlija"
"Stjepan","Duvnjak"
"Goran","Staniševski"
"Damir","Lisica"
"Andrea","Lučić"
"Mirjana","Svrtan"
"Hrvoje","Malčić"
"Jadranka","Cota"
"Dražen","Skrbiš"
"Mirjana","Mohač"
"Željko","Sonički"
"Darko","Škledar"
"Stjepan","Buhać"
"Romana","Pivac"
"Jurica","Božičević"
"Nikola","Dukarić"
"Tomislav","Potravi"
"Matija","Čačić"
"Luka","Majer"
"Mario","Trkač"
"Ivan","Živković"
"Kruno","Krek"
"Dragica","Jovanović"
"Zvonko","Dominić"
"Matko","Kalanj"
"Davor","Andlar"
"Marina","Jakupec"
"Gordana","Ćirković"
"Marica","Kirin"
"Siniša","Milković"
"Mario","Švelić"
"Goran","Milković"
"Ivona","Andlar"
"Marina","Kralj"
"Marija","Gregurić"
"Hrvoje","Gudelj"
"Tomislav","Holi"
"Dragan","Lovrinović"
"Katarina","Husnjak"
"Zoran","Rog"
"Joško","Marević"
"Željko","Grahovac"
"Sabina","Novak"
"Dolores","Nikolić"
"Edi","Benazić"
"Jasna","Jakopović"
"Marijan","Mihir"
"Duško","Popadić"
"Marijo","Kečkeš"
"Dario","Strahija"
"Josip","Rugle"
"Jelena","Dulikravić"
"Elvira","Mohač"
"Nada","Valjak"
"Rudolf","Polunić"
"Mato","Stojanović"
"Danijel","Duvančić"
"Iva","Barković"
"Igor","Vidović"
"Mislav","Stepić"
"Ferdinand","Janković"
"Dejan","Bojčić"
"Marin","Mijić"
"Nenad","Sović"
"Denis","Džinić"
"Mirela","Drljača"
"Dalibor","Žarko"
"Toni","Kalaš"
"Danijela","Poldrugač"
"Josip","Blažević"
"Petar","Kovačević"
"Đorđe","Jovanović"
"Robert","Matić"
"Dalibor","Lončarić"
"Boris","Pećarina"
"Simon","Funtek"
"Višnja","Čudić"
"Tomislav","Pintar"
"Verica","Maletić"
"Draženka","Zec"
"Krunoslav","Matošević"
"Žana","Pejić"
"Marin","Korečić"
"Renata","Radić"
"Antonio","Čagalj"
"Andreja Katarina","Muller"
"Sanela","Raič"
"Marina","Filipović"
"Martina","Rožman"
"Iva","Polić"
"Hrvoje","Valjak"
"Ivan-Goran","Banfić"
"Nikola","Marković"
"Tomislav","Čikulin"
"Robert","Hršak"
"Dražen","Pilić"
"Nataša","Novosel"
"Tomislav","Prelac"
"Ivica","Radak"
"Sanja","Skokandić"
"Josip","Škorjanc"
"Ante","Županović"
"Niko","Kesovija"
"Denis","Muranović"
"Darko","Špiranec"
"Velimir","Milinković"
"Saša","Đurčak"
"Joze","Pirak"
"Jasna","Grdović"
"Ana","Žura"
"Verica","Križanac"
"Gordana","Kosor"
"Denisa","Ivančan"
"Nikolina","Janković"
"Valentina","Greguraš"
"Dario","Medak"
"Marin","Obradović"
"Ankica","Križanović"
"Mišo","Škrpan"
"Đorđ","Karol"
"Tatjana","Šarić"
"Marija","Vukoje"
"Nikolina","Horvatović"
"Davor","Novak"
"Mario","Šimir"
"Marina","Martinković"
"Marko","Horvat"
"Kristina","Gubić"
"Danijel","Ordanić"
"Goran","Nađ"
"Berislav","Puc"
"Branko","Čavala"
"Denis","Jurina"
"Dražen","Žepina"
"Bojana","Premec-Detelj"
"Gordana","Ružić"
"Željko","Udžbinac"
"Krešimir","Kajgan"
"Zvonko","Kašić"
"Nikolina","Brnjac"
"Kristina","Lučan"
"Aleksandra","Gaćeša"
"Zorica","Kepić"
"Ivan","Posavec"
"Mladenka","Mohač"
"Ivan-Iko","Letica"
"Marko","Kovač"
"Marina","Vulelija"
"Branimir","Vrhovec"
"Milijan","Majić"
"Andrea","Šestak"
"Tomislav","Otmačić"
"Krešimir","Katanec"
"Sandra","Tadić"
"Marijan","Bilandžija"
"Siniša","Razum"
"Ivan","Bračić"
"Darija","Hodak"
"Saša","Marković"
"Adeeb","Fučijaš"
"Robert","Šokčević"
"Katarina","Depope Radman"
"Petar","Krivokapić"
"Stipe","Karlović"
"Krunoslav","Kirinčić"
"Jelena","Šperanda"
"Toni","Dobronić"
"Anđela","Favro"
"Dražen","Ševerdija"
"Jelena","Vunić"
"Siniša","Čoboj"
"Mario","Krčelić"
"Ksenija","Stepić"
"Duško","Radanović"
"Anđelko","Vukelić"
"Josip","Đukić"
"Marko","Jurić"
"Zdravka","Sokačić"
"Snježana","Firšt"
"Branka","Brajić"
"Ivona","Maškarić-Šimunović"
"Kristijan","Kunstić"
"Dajana","Tomić"
"Petar","Reić"
"Željko","Kaurić"
"Neven","Stipić"
"Aleksandra","Buble"
"Danko","Vidović"
"Valentina","Hanich"
"Solanž","Gržinić Bratović"
"Tomica","Krznar"
"Krunoslav","Ivanušec"
"Bojan","Kotrljanović"
"Jakov","Ćorić"
"Dominik","Begović"
"Sanel","Čanić"
"Biserka","Gluhak"
"Anđelko","Pustički"
"Jasna","Golešić"
"Maja","Dejanović"
"Marija","Vukmanović"
"Mario","Šegović"
"Darko","Kovačević"
"Damir","Slakić"
"Srećko","Kozić"
"Danijel","Šiptar"
"Tomislav","Ferić"
"Antonio","Penić"
"Ivica","Ferenčak"
"Višnjica","Kragulj"
"Ivan","Skender"
"Zoran","Bijelić"
"Ivan","Matica"
"Marko","Marić"
"Jaga","Krčelić"
"Ilija","Jurakić"
"Zlatan","Botički"
"Zlatica","Kranjčec"
"Robert","Čondić"
"Nenad","Uzelac"
"Angelo","Popović"
"Vjeko","Jakovljević"
"Marina","Belak"
"Mario","Bogdanović"
"Andrea","Jandrlić"
"Verica","Blažanin"
"Mario","Peharda"
"Željko","Župčić"
"Marijana","Luketić"
"Andrijana","Fišer"
"Đurđica","Marinković"
"Dubravka","Guberac"
"Mirela","Radmanović"
"Dijana","Ježić"
"Slavica","Golek"
"Mario","Vukomanović"
"Mladen","Lalić"
"Ankica","Šeputić"
"Krešimir","Marenić"
"Dario","Cindrić"
"Stjepan","Majsec"
"Nada","Kasun"
"Mario","Pospišil"
"Zlatko","Brmalj"
"Mario","Blažević"
"Zoran","Lukić"
"Tamara","Kos"
"Goran","Gajić"
"Jasna","Kalogjera"
"Andrea","Štimac"
"Ana","Ružić"
"Amra","Vuković"
"Nikola","Gregorić"
"Vladimir","Pantić"
"Terezija","Tomašić Tubić"
"Ivana","Jurić"
"Slobodan","Krajina"
"Tamara","Rupčić Tambolaš"
"Dejan","Bodetić"
"Duško","Saridžić"
"Ivana","Vunić"
"Ivan","Bačinić"
"Biljana","Vidaković"
"Siniša","Trebus"
"Vjekoslav","Vilić"
"Igor","Ričko"
"Marina","Đivanović"
"Helena","Pilić"
"Darko","Mišić"
"Marijana","Gazdik"
"Bojan","Hrastić"
"Iva","Benković"
"Ivančica","Mužić"
"Bojana","Podgorelec"
"Petra","Šimunović"
"Stankica","Matić"
"Ante","Šiško"
"Alen","Berger"
"Peter","Rider"
"Sonja","Beslemović"
"Ivan","Juras"
"Kristijan","Kaleb"
"Paula","Pršić"
"Nikolina","Anzulović"
"Josip","Ivezić"
"Radovan","Groš"
"Vladimir","Kocifaj"
"Zvonko","Stiplošek"
"Nikolina","Belčić"
"Sandro","Bratišćak"
"Ksenija","Postonjski"
"Damir","Ikotić"
"Dajana","Kučko"
"Ruža","Šokić"
"Hrvoje","Markasović"
"Maja","Topić"
"Zoran","Kraljić"
"Ivica","Šulava"
"Mihaela","Lojna"
"Valentina","Lucić"
"Karlo","Farkaš"
"Danijel","Žajdlik"
"Dalibor","Filipek"
"Danijel","Pavoković"
"Kristijan","Varzić"
"Goran","Brekalo"
"Darko","Salopek"
"Elvis","Čendak"
"Goran","Kocmanić"
"Josip","Horvat"
"Danijela","Cvitković"
"Mladen","Čorić"
"Marko","Palac"
"Marija","Kecko"
"Katarina","Dujanović"
"Miralem Miro","Dragović"
"Zlatko","Markanjević"
"Miroslav","Tkalčec"
"Alen","Pacher"
"Danijel","Kljaić"
"Biljana","Ogresta Maslać"
"Verica","Mrkonjić"
"Marina","Šmit"
"Nikola","Majcen"
"Božidar-Tin","Dodig"
"Jasminka","Jurišić"
"Elena","Bilanžičova"
"Štefica","Podoreški"
"Slavica","Šarčević"
"Nerdin","Mehmedagić"
"Vesna Magdalena","Galović"
"Anka","Didović"
"Stjepan","Perlić"
"Mery","Mrazović Pilić"
"Ivica","Mladina"
"Dijana","Mavračić"
"Tatjana","Pavičić"
"Igor","Šokić"
"Ivana","Bikić"
"Tihana","Gorić"
"Josip","Čagalj"
"Zvonimir","Kovačević"
"Tomislav","Pavičić"
"Luka","Blažević"
"Goran","Knezović"
"Lidija","Semak"
"Renata","Vuletić"
"Antonija","Masnić"
"Barbara","Marelić"
"Martina","Stiplošek"
"Marijan","Kovačić"
"Željka","Krezić Kristić"
"Tonći","Tomaš"
"Marinko","Katić"
"Ibrahim","Krupić"
"Janja","Balta"
"Ante","Kesić"
"Ines","Horvatić"
"Kolja","Fabris"
"Damir","Posavec"
"Alen","Spahović"
"Darko","Cvetko"
"Sandra","Franjković"
"Andreja","Dragija"
"Siniša","Dukić"
"Asima","Rizvić"
"Martin","Jakopić"
"Dejan","Gluhak"
"Silvija","Legradi"
"Hrvoje","Krumpek"
"Biljana","Škrapić"
"Marko","Hrvojić"
"Nafija","Anlar"
"Milka","Petričević"
"Vedran","Matejčić"
"Sasha Renata","Carbonini Vuković"
"Ivan","Romac"
"Marjan","Markovina"
"Armin","Sarvan"
"Snježana","Golubić"
"Davor","Ciprić"
"Nikolina","Sutlar"
"Anita","Sporiš"
"Vesna","Škribanek"
"Dijana","Mužak"
"Zlatko","Cesarec"
"Tomislav","Kralj"
"Goran","Barbir"
"Biserka","Posavec"
"Robert","Plejić"
"Dražen","Vuković"
"Stanko","Hovanjec"
"Jasna","Glad"
"Branka","Bogović"
"Antun","Berišić"
"Zoran","Koštan"
"Filip","Sliško"
"Jelena","Stojak"
"Ivka","Vukasović Lončar"
"Urška","Golob"
"Ana","Josipović"
"Aleksandra","Strgar"
"Višnja","Došen"
"Marko","Petreković"
"Nataša","Komes Erceg"
"Pero","Trkulja"
"Željko","Špiranec"
"Željko","Milošević"
"Snježana","Banović"
"Antonio","Jerković"
"Višnja","Jurinec"
"Damir","Đuran"
"Štefica","Šakanović"
"Saša","Meden"
"Helena","Cestarić"
"Dušica","Trkulja"
"Matija","Mihalinec"
"Goran","Martinović"
"Nenad","Medved"
"Nikola","Borković"
"Alen","Konjevod"
"Abida","Ostrognaj"
"Goran","Hodak"
"Snježana","Justament"
"Mladen","Štimac"
"Ramona","Lež"
"Marko","Cesar"
"Hrvoje","Vrkić"
"Damir","Orle"
"Goran","Fotak"
"Snježana","Cerovec"
"Jasmin","Šakanović"
"Dragica","Miočević"
"Marko","Petran"
"Francesca","Erceg"
"Hrvoje","Mišak"
"Željko","Jagetić"
"Gordana","Novak"
"Vesna","Muktić"
"Snježana","Dobi"
"Danijel","Čubranić"
"Martina","Jurković"
"Davor","Petric"
"Anđelko","Lujanović"
"Miroslav","Malez"
"Davor","Debelić"
"Damir","Ikst"
"Mile","Komljenović"
"Mirela","Bunčić"
"Mario","Poplašen"
"Silvija","Čičko"
"Petra","Stojaković"
"Darko","Novak"
"Nikolina","Popović"
"Blaženka","Dugonjić"
"Matko","Burča"
"Davor","Novosel"
"Oliver","Selak"
"Jasna","Jagetić"
"Ivan","Ivani"
"Tomislav","Bubrić"
"Denis","Bačić"
"Gordana","Stojčević"
"Sanja","Bilandžija"
"Jelena","Kalaš"
"Ivica","Gulin"
"Neven","Kaštigar"
"Natalija","Kolar"
"Goran","Mihanović"
"Miroslav","Lovnički"
"Kristijan","Cerinski"
"Dalibor","Gucek"
"Vedran Ivan","Lekšić"
"Damir","Žeželj"
"Nataša","Kutnohorsky"
"Karolina","Šurbek"
"Kristina","Matuš"
"Ivica","Farkaš"
"Pavao","Dušević"
"Milan","Gril"
"Denis","Geček"
"Tanja","Šimić"
"Karmen","Dragović"
"Zvonimir","Lisičak"
"Zvonimir","Knežević"
"Josip","Cvitić"
"Mario","Jurković"
"Zoran","Tenjeri"
"Igor","Đurđek"
"Tomislav","Jakupec"
"Marina","Šadek"
"Nataša","Žalac"
"Božo","Roguljić"
"Arsenije","Bjelanović"
"Iva","Štrok"
"Dejana","Štimac"
"Damir","Puklin"
"Darko","Gregurić"
"Ivana","Kralj"
"Violeta","Šimić"
"Damir","Košuljandić"
"Dario","Farkaš"
"Martina","Halić"
"Mario","Matanović"
"Sanja","Kepeš"
"Danijel","Šafarić"
"Čedomir","Masten"
"Vesna","Hajdin Đugum"
"Ivana","Kikić"
"Borna","Cišper"
"Natalija","Cvetko"
"Danijel","Buterin"
"Dijana","Sović"
"Dino","Roca"
"Božica","Pintar"
"Ivana","Tomić"
"Anica","Lovrić"
"Sanja","Kolar"
"Romana","Pijaca"
"Dražen","Cvetko"
"Anka","Gazdik"
"Damir","Vojak"
"Jasminka","Štivić"
"Mateja","Rihtar"
"Jasminka","Malez"
"Dinka","Lozić"
"Ivica","Šimunović"
"Danijel","Babić"
"Miroslav","Sikavica"
"Mario","Bušić"
"Želimir","Križka"
"Katarina","Požgaj"
"Branimir","Peranić"
"Krunoslav","Marić"
"Davor","Daniel"
"Brano","Lazarević"
"Željko","Balog"
"Dijana","Borković Sekulić"
"Mirela","Butković"
"Branko","Čičko"
"Kristina","Špehar Fratnik"
"Marin","Boras"
"Ivica","Stipčević"
"Damir","Dukši"
"Marijan","Lunga"
"Marijo","Ožanić"
"Josip","Banjedvorec"
"Željka","Pavalić"
"Jakov","Čančar"
"Mirica","Konc"
"Anto","Martinović"
"Ivana","Jakelić"
"Vladek","Mikulić"
"Željka","Birač"
"Bernard","Antičević"
"Marija","Dragun"
"Adriana","Matijević"
"Vladimir","Turk"
"Goran","Arabadžić"
"Senka","Alšić"
"Marina","Cvrtila"
"Arpad","Konc"
"Ivan","Marinić"
"Rudi","Sinković"
"Mihaela","Vukić"
"Igor","Klobučar"
"Blaženko","Ivić-Pusztai"
"Ljilja","Vojnović"
"Valentina","Žeželj"
"Danijel","Jandrečić"
"Mladen","Kučko"
"Tajana","Ištvanić"
"Suzana","Vrbat"
"Dajana","Đuran"
"Dubravko","Vrabec"
"Dalibor","Tunjić"
"Mladen","Benković"
"Marko","Putak"
"Monika","Werner"
"Nikica","Pavelić"
"Ana","Grnja"
"Pero","Đanić"
"Željka","Mikulić"
"Marijana","Fatorić"
"Marijan","Marković"
"Snježana","Perić"
"Darko","Gašparović"
"Ana","Adrić"
"Smiljana","Jelić-Mihovilić"
"Matija","Petaj"
"Dražen","Benjak"
"Robert","Benković"
"Nikola","Bastiančić"
"Šimun","Bagarić"
"Gordana","Ivanović"
"Romana","Dorić"
"Marko","Dorić"
"Silvija","Šklempe"
"Antonio","Đuras"
"Branko","Čubrić"
"Ivanka","Sesar"
"Damir","Jakovac"
"Violeta","Čete"
"Ivan","Zadravec"
"Davor","Marić"
"Kristijan","Pilarić"
"Tamara","Matoš"
"Hrvoje","Horvat"
"Martina","Čeh"
"Dragutin","Babić"
"Zlatica","Dokmanović"
"Milan","Šerbedžija"
"Iva","Venne"
"Darko","Ilišević"
"Antonijo","Tireli"
"Đina","Brkić"
"Helena","Kolarić"
"Slavko","Šoštarić"
"Dražen","Sečen"
"Mirela","Reljić"
"Anto","Josipović"
"Damir","Adamović"
"Ivica","Ljubetić"
"Dean","Nefat"
"Darko","Luks"
"Andrea","Pagadur"
"Branko","Tireli"
"Sandra","Ivanković"
"Anita","Milašin"
"Nina","Miler"
"Davor","Rac"
"Branislav","Javorina"
"Ivan","Rogošić"
"Marijana","Šikić"
"Ivana","Čavlina"
"Željko","Berečić"
"Hrvoje","Pužin"
"Sandro","Škrobonja"
"Jakov","Guberac"
"Žarko","Borjan"
"Marko","Perkušić"
"Romana","Matanović"
"Tomislav","Žagmestar"
"Zlatko","Ivaniš"
"Sandra","Mladenović"
"Štefica","Slivar"
"Ana","Bradašić Aljinović"
"Domagoj","Budimlić"
"Lovre","Kuzmanić"
"Ivica","Jerković"
"Nina","Bajrić Blažeković"
"Davor","Plaščević"
"Doriana","Fabić"
"Branka","Pavlović"
"Alenka","Mimica"
"Krešimir","Turudić"
"Branko","Stapić"
"Emil","Koludrović"
"Vesna","Lebinac"
"Ivana","Duvnjak"
"Mladen","Benić"
"Ivana","Tomljanović"
"Marko","Horvat"
"Tanja","Sočić"
"Boris","Zadravec"
"Kenan","Skula"
"Darijo","Mihalić"
"Tomislav","Valjak"
"Ile","Bungić"
"Kristina","Koščec"
"Zdravko","Burcar"
"Miljenko","Prejel"
"Danijela","Vitez"
"Gordana","Ivezić"
"Haris","Bešić"
"Damir","Milašin"
"Branka","Bedalov"
"Filip","Klobučar"
"Dražen","Mavračić"
"Bernard","Rabađija"
"Josipa","Bratišćak"
"Ivana","Miškuljić"
"Jelica","Bartulović"
"Tanja","Pereković"
"Ivan","Ban"
"Milka","Mohenski"
"Maja","Tonković"
"Kata","Živković"
"Goran","Hercigonja"
"Đurđa","Ivanuša"
"Nada","Frančić"
"Tajana","Planinac"
"Miljenka","Jošt"
"Vlatko","Kosor"
"Marica","Grigić"
"Viktorija","Dravinski"
"Mario","Čengić"
"Matija","Dravinski"
"Siniša","Runjak"
"Gordana","Tomljanović"
"Gabrijel","Pajur"
"Vanja","Barać"
"Vjekoslav","Tavić"
"Monika","Maršić"
"Robert","Horvat"
"Petra","Mihalić"
"Danijel","Čubelić"
"Ivan","Rogulj"
"Nikola","Muršić"
"Blaženka","Radan"
"Adrijana","Boček"
"Nikolina","Benčić"
"Marija-Jelena","Zen Lukić"
"Nenad","Orić"
"Nikola","Makovec"
"Juraj","Grdić"
"Alen","Verunica"
"Ivona","Ričko"
"Vladimir","Radušić"
"Dijana","Čančar"
"Nikola","Došen"
"Romana","Žeželj"
"Marijo","Starešinčić"
"Krunoslav","Novogradec"
"Melisa","Reškov"
"Igor","Smoković"
"Igor","Cvetko"
"Gordana","Herceg"
"Mato","Nadarević"
"Robert","Čordašić"
"Adrijana","Lugonjić"
"Ljiljana","Blažević"
"Ivica","Šabić"
"Dragica","Svibovec"
"Sadko","Galić"
"Božidar","Balent"
"Zoran","Dundović"
"Goran","Uzelac"
"Snježana","Sarić"
"Pavo","Dvojak"
"Stipe","Vlaić"
"Sanja","Novogradec"
"Krešimir","Spajić"
"Iva","Drkelić"
"Ivan","Stojčević"
"Andrea","Cerančević"
"Saša","Grđan"
"Danijela","Benić"
"Antonio","Bašić"
"Željana","Šojat"
"Ivan","Hećimović"
"Eleonora","Čarapina"
"Damir","Peić"
"Ognjen","Vukadinović"
"Josipa","Rupčić"
"Marijo","Duh"
"Marinko","Grgić"
"Igor","Rožmarić"
"Nenad","Jurmanović"
"Marijana","Novak"
"Dejan","Novak"
"Željko","Čepo"
"Duško","Arlov"
"Milan","Živković"
"Ferijan","Perković"
"Adriano","Čamber"
"Maja","Borovac"
"Željko","Kunštek"
"Ivan","Oković"
"Gordana","Šviglin"
"Goran","Sambolić"
"Filip","Mihaljević"
"Ivana","Hojsak"
"Nikola","Turčin"
"Dejan","Curić"
"Dragana","Žanić"
"Dino","Bošković"
"Marijan","Načeta"
"Margareta","Kaurić"
"Dejan","Jakovljević"
"Maja","Kovačević"
"Marija","Butorac"
"Krešo","Kovačević"
"Sanela","Ceković"
"Ivan","Valentić"
"Emil","Kunjko Straga"
"Olgica","Novak"
"Rajko","Kolega"
"Ivan","Varju"
"Miljenko","Miljković"
"Ivan","Kakuk"
"Stjepan","Talan"
"Danijel","Ledinski"
"Saša","Bartolović"
"Božica","Horvat"
"Ivana","Ratković"
"Gordana","Legac Rajnović"
"Lidija","Geceg"
"Zoran","Jelenčić"
"Vedrana","Jukičić"
"Magdalena","Marčec"
"Saša","Sokić"
"Jasenka","Dobošević"
"Dario","Miljković"
"Vlasta","Krstić"
"Matija","Marković"
"Slavica","Šapić"
"Serđo","Mardešić"
"Bernardica","Kopilaš"
"Vedran","Brozović"
"Miro","Folnegović"
"Stjepan","Puklek Sokolović"
"Tomislav","Juričan"
"Marko","Brus"
"Helena","Orel"
"Hrvoje","Mokrović"
"Katarina","Vuković"
"Silvija","Trošić"
"Dejan","Klasiček"
"Jasnica","Škreblin"
"Andrea","Pavić"
"Sanja","Štefanek"
"Petra","Smontara"
"Maja","Kovač"
"Tatjana","Jurčić"
"Gordana","Bilić"
"Nenad","Kovačić"
"Janko","Ćosić"
"Domagoj","Golubić"
"Mirjana","Prelec"
"Marija","Puljek"
"Snježana","Vardić"
"Damir","Ciler"
"Marijan","Gajski"
"Dubravka","Hađina"
"Davorka","Kumer"
"Manuela","Malez"
"Hrvoje","Uzun"
"Zoran","Vrbanec"
"Željko","Šurina"
"Rudolf","Šurina"
"Terezija","Karaš"
"Nataša","Ščerbek"
"Senka","Brković"
"Ivan","Malez"
"Marko","Brajković"
"Tomislav","Orešković"
"Matija","Perković"
"Ivana","Jakopčević"
"Mario","Karaš"
"Ivan","Ivanko"
"Nenad","Miletić"
"Ana","Šuber Božičević"
"Ivan","Laklija-Fijan"
"Dražen","Cesar"
"Željko","Vestić"
"Marko","Brljak"
"Sandra","Brkić"
"Tomislav","Skukan"
"Sandra","Smoković"
"Helga","Markulić"
"Željko","Grdur"
"Nenad","Fistrić"
"Mario","Rontić"
"Mario","Babić"
"Blaženka","Šomen"
"Mirela","Žlibar"
"Dajana","Sobol"
"Robert","Sirovec"
"Ivan","Rajčić"
"Sonja","Borić"
"Tihomir","Veljković"
"Ines","Gnezda"
"Kristijan","Kumer"
"Patricija","Tomljanović Punjek"
"Nada","Uzun"
"Danijel","Jembrih"
"David","Urli"
"Đurđica","Gnjilac"
"Petar","Jelušić"
"Mirko","Vuković"
"Tihana","Knez"
"Mario","Knez"
"Stjepan","Kontent"
"Anica","Kulišić"
"Denis","Kondaš"
"Dalibor","Marić"
"Goran","Miler"
"Snježana","Mujkanović-Lange"
"Mirko","Čepo"
"Željko","Amižić"
"Dean","Čaldarević"
"Anita","Radović Bušljeta"
"Josipa","Lamešević"
"Ivica","Rašić"
"Renata","Vukomanović"
"Zoran","Gliebe"
"Matija","Benković"
"Dejana","Vlah"
"Ivana","Koritnik"
"Damir","Vuković"
"Saša","Blanuša"
"Marko","Skelin"
"Katica","Šimunović"
"Tomislav","Krželj"
"Tamara","Solar"
"Andrea","Stojčević"
"Boris","Podhraški"
"Amanda","Rančki"
"Vladimir","Bajzec"
"Anto","Stojčević"
"Josipa","Korečić"
"Zoran","Leljak"
"Nikolina","Miljan"
"Vesnica","Badovinac"
"Davor","Šimundža"
"Tanja","Obrubić"
"Cvjetko","Đurasović"
"Robert","Žunić"
"Petar","Stipanović"
"Zoran","Bursik"
"Patricija","Tkalčić"
"Denis","Kocijan"
"Darko","Molnar"
"Ksenija","Bastić"
"Gordan","Prajdić"
"Jadranka","Oskoruš"
"Artem","Jantol"
"Ivan","Radić"
"Katarina","Ivanović"
"Ivana","Ileš"
"Mirjana","Škrinjar"
"Denis","Mesaroš"
"Martina","Šarec"
"Ruža","Bodakoš"
"Enes","Halilović"
"Nataša","Halilović"
"Mariza","Terešak Mihajlović"
"Tomislav","Kundid"
"Josip","Halasz"
"Mirsada","Maroković"
"Slaven","Kuzmić"
"Danijel","Benković"
"Tamara","Bešlić"
"Kristina","Kordić"
"Marija","Perković"
"Danijela","Divjak"
"Robert","Fossberg"
"Mario","Markuš"
"Mato","Hršak"
"Željko","Milnović"
"Silvestar","Štahan"
"Milorad","Guzić"
"Mirko","Šunjić"
"Rihard","Podhraški"
"Brigita","Brajković"
"Damir","Gazibarić"
"Ivan","Žufika"
"Marko","Postružin"
"Dejan","Horvat"
"Ksenija","Šnajder"
"Ivana","Lončar"
"Stjepan","Radić"
"Zoran","Perica"
"Josip","Vuleta"
"Josip","Peitl"
"Ines","Čular"
"Matea","Vladimir"
"Dario","Švarc"
"Marko","Špac"
"Maja","Hećimović"
"Bojan","Križanović"
"Danijela","Babić"
"Marina","Vračan"
"Boris","Dojčić"
"Mario","Petrović"
"Ranko","Kajić"
"Grga","Relić"
"Tatjana","Šipek Banožić"
"Andrej","Juko"
"Martina","Jurković"
"Mario","Gombar"
"Saša","Štrbac"
"Gordan","Tankosić"
"Viktorija","Švob"
"Luka","Novaković"
"Ivan","Kovčalija"
"Josip","Brčić"
"Željko","Crlenjak"
"Ante","Macan"
"Vojko","Božulić"
"Manuela","Gabrić"
"Franjo","Bartkijević"
"Elvis","Brdar"
"Gordan","Žamić"
"Siniša","Vuger"
"Ante","Brkljačić"
"Petra","Ivankov"
"Lara","Prebeg"
"Elizabeta","Jagodić"
"Vencislava","Mandić"
"Ljubica","Oreški"
"Draženko","Kovač"
"Petar","Strgar"
"Marjan","Agičić"
"Tomislav","Budinčević"
"Luka","Marković"
"Barbara","Kos"
"Siniša","Novak"
"Sandra","Tuđen"
"Dalibor","Gudlin"
"Danijel","Krog"
"Stjepan","Varga"
"Sanja","Odniković Klarić"
"Kristian","Kiseljak"
"Kristina","Vincek"
"Dario","Bajs"
"Luka","Petrušić"
"Dejan","Mitrović"
"Milan","Grgec"
"Daglas","Bosilj"
"Božena","Novak"
"Božo","Jagetić"
"Vedran","Bezmalinović"
"Radmila","Vučinović"
"Maja","Pavoković"
"Marija","Šurina"
"Zvonimir","Kuzmić"
"Patricia","Malić"
"Emil","Šotanji"
"Nikola","Tuđen"
"Josip","Miljak"
"Anto","Guberac"
"Danijel","Škledar"
"Ivan","Medlobi"
"Zoran","Ribarić"
"Darinka","Kurtoić"
"Boris","Meter"
"Siniša","Hokman"
"Tadija","Markić"
"Valent","Krištof"
"Zlata","Korovljević"
"Marko","Magić"
"Romeo","Makov"
"Mila","Petričević"
"Tihomir","Vinković"
"Marijana","Bašić Kezele"
"Ana","Jurić"
"Samir","Branilović"
"Dario","Prvonožac"
"Marko","Štehec"
"Zoran","Jokić"
"Ivan","Sluga"
"Maristela","Vlahović"
"Sara","Šarkezi"
"Senka","Ančić"
"Slobodan","Rajlić"
"Dalibor","Kovačić"
"Damir","Kovaček"
"Dea","Maksimović"
"Ana","Lorković"
"Marko","Serezlija"
"Ljubomir","Malović"
"Snježana","Kovačić"
"Ivana","Karaga"
"Marko","Špoljar"
"Zvonimir","Ančić"
"Petra","Kutija"
"Željko","Grubišić"
"Simona","Novak"
"Mladen","Popović"
"Stjepan","Lež"
"Gordana","Pintarić"
"Stefan","Kadijević"
"Goran","Drobilović"
"Zdenko","Kerovec"
"Ana","Mataja"
"Hrvoje","Vuković"
"Ivan","Dumančić"
"Marko","Alfirev"
"Antun","Nikić"
"Ana","Ćorluka"
"Jelena","Terheš"
"Alen","Iljazović"
"Nikola","Kovačić"
"Pero","Škrbić"
"Josip","Škoro"
"Slaven","Badinsky"
"Dragutin","Sinković"
"Tomislav","Petek"
"Jakov","Lukenda"
"Kristina","Vajler"
"Kornelija","Tadić"
"Milivoj","Šinko"
"Marijana","Blažević"
"Dejan-Robert","Bilonjić"
"Antonija","Reljić"
"Erik","Šterle"
"Danijel","Žukina"
"Bruno","Bienenfeld"
"Ruža","Vratić"
"Ivana","Dermišek"
"Slavica","Čoboj"
"Josip","Svoboda"
"Marija","Derviš"
"Ivan","Kovaček"
"Krunoslav","Paša"
"Marijo","Tuđa"
"Stjepan","Galinec"
"Matej","Pavić"
"Ivan","Grčić"
"Dijana","Oletić"
"Dejan","Peček"
"Matej","Tolnaj"
"Aleksandar","Širka"
"Josip","Trnka"
"Nikolina","Špoljarić"
"Srđan","Tripalo"
"Mladen","Penezić"
"Marija","Šulentić"
"Tanja","Martinec"
"Dijana","Butko"
"Branka","Gnezda"
"Goran","Budić"
"Jasna","Šagud"
"Marija","Vranješ"
"Veronika","Marić"
"Matea","Domitrović"
"Sanja","Babić"
"Ivan","Vlašić"
"Issa","Perasović"
"Gordana","Đilas"
